Date,Close,High,Low,Open,Volume
2000-08-28,0.8889999985694885,0.8889999985694885,0.8769999742507935,0.8790000081062317,7430
2000-09-04,0.9120000004768372,0.9190000295639038,0.8949999809265137,0.8960000276565552,4818
2000-09-11,0.9200000166893004,0.9340000152587892,0.9070000052452089,0.9110000133514404,3601
2000-09-18,0.9194999933242798,0.9265000224113464,0.8999999761581421,0.9200000166893004,3357
2000-09-25,0.915499985218048,0.9275000095367432,0.8955000042915344,0.9200000166893004,2949
2000-10-02,0.9045000076293944,0.915000021457672,0.8870000243186951,0.9139999747276306,1629
2000-10-09,0.8895000219345093,0.9024999737739564,0.8774999976158142,0.8880000114440918,1338
2000-10-16,0.8600000143051147,0.8924999833106995,0.8600000143051147,0.8880000114440918,1187
2000-10-23,0.8414999842643738,0.8694999814033508,0.828000009059906,0.8619999885559082,1134
2000-10-30,0.8360000252723694,0.8550000190734863,0.8324999809265137,0.8395000100135803,2997
2000-11-06,0.8364999890327454,0.8389999866485596,0.824999988079071,0.8374999761581421,1824
2000-11-13,0.8220000267028809,0.8299999833106995,0.8184999823570251,0.8190000057220459,1283
2000-11-20,0.8195000290870667,0.8330000042915344,0.8184999823570251,0.8190000057220459,928
2000-11-27,0.859499990940094,0.8619999885559082,0.8320000171661377,0.8320000171661377,17455
2000-12-04,0.887499988079071,0.8899999856948853,0.8550000190734863,0.8600000143051147,5727
2000-12-11,0.8725000023841858,0.8995000123977661,0.8659999966621399,0.890999972820282,4311
2000-12-18,0.8600000143051147,0.8765000104904175,0.847000002861023,0.8730000257492065,2994
2000-12-25,0.8464999794960022,0.8650000095367432,0.8460000157356262,0.8600000143051147,2185
2001-01-01,0.8320000171661377,0.8454999923706055,0.8075000047683716,0.8454999923706055,2151
2001-01-08,0.8445000052452087,0.8450000286102295,0.8295000195503235,0.8360000252723694,2328
2001-01-15,0.8529999852180481,0.8669999837875366,0.8190000057220459,0.8349999785423279,1690
2001-01-22,0.8389999866485596,0.859000027179718,0.8349999785423279,0.8519999980926514,1877
2001-01-29,0.843999981880188,0.8510000109672546,0.828000009059906,0.8360000252723694,3048
2001-02-05,0.8199999928474426,0.8395000100135803,0.8174999952316284,0.8389999866485596,2031
2001-02-12,0.824999988079071,0.8309999704360962,0.8169999718666077,0.8169999718666077,1264
2001-02-19,0.7954999804496765,0.8199999928474426,0.7954999804496765,0.8199999928474426,861
2001-02-26,0.8245000243186951,0.824999988079071,0.7960000038146973,0.7979999780654907,16448
2001-03-05,0.8259999752044678,0.8495000004768372,0.8209999799728394,0.8335000276565552,5381
2001-03-12,0.7835000157356262,0.8245000243186951,0.7835000157356262,0.8234999775886536,2377
2001-03-19,0.7804999947547913,0.796999990940094,0.7770000100135803,0.7860000133514404,3062
2001-03-26,0.7584999799728394,0.7885000109672546,0.7584999799728394,0.7850000262260437,2503
2001-04-02,0.7459999918937683,0.7670000195503235,0.7450000047683716,0.7590000033378601,1645
2001-04-09,0.7639999985694885,0.7739999890327454,0.7540000081062317,0.7540000081062317,1566
2001-04-16,0.7735000252723694,0.7829999923706055,0.7615000009536743,0.7639999985694885,1079
2001-04-23,0.7590000033378601,0.7689999938011169,0.7570000290870667,0.7670000195503235,10487
2001-04-30,0.7749999761581421,0.7900000214576721,0.753000020980835,0.7590000033378601,5735
2001-05-07,0.7555000185966492,0.781000018119812,0.75,0.7774999737739563,3211
2001-05-14,0.7804999947547913,0.7804999947547913,0.7409999966621399,0.7490000128746033,2830
2001-05-21,0.7860000133514404,0.7960000038146973,0.7804999947547913,0.7850000262260437,2292
2001-05-28,0.7475000023841858,0.7760000228881836,0.7475000023841858,0.7739999890327454,5035
2001-06-04,0.7275000214576721,0.7570000290870667,0.7275000214576721,0.75,1326
2001-06-11,0.7164999842643738,0.7315000295639038,0.7164999842643738,0.7315000295639038,1723
2001-06-18,0.7129999995231628,0.7250000238418579,0.7110000252723694,0.7149999737739563,1070
2001-06-25,0.7045000195503235,0.7229999899864197,0.7020000219345093,0.7124999761581421,12339
2001-07-02,0.703499972820282,0.7129999995231628,0.6970000267028809,0.703000009059906,2084
2001-07-09,0.699999988079071,0.7105000019073486,0.6980000138282776,0.6995000243186951,3005
2001-07-16,0.6940000057220459,0.7149999737739563,0.6890000104904175,0.7009999752044678,2014
2001-07-23,0.6740000247955322,0.6884999871253967,0.6735000014305115,0.6880000233650208,3916
2001-07-30,0.6729999780654907,0.6830000281333923,0.6685000061988831,0.6769999861717224,2118
2001-08-06,0.6585000157356262,0.6704999804496765,0.6549999713897705,0.6694999933242798,2290
2001-08-13,0.6840000152587891,0.6840000152587891,0.6535000205039978,0.6579999923706055,1427
2001-08-20,0.6819999814033508,0.6840000152587891,0.6700000166893005,0.6744999885559082,1032
2001-08-27,0.6784999966621399,0.6980000138282776,0.6779999732971191,0.6869999766349792,14382
2001-09-03,0.6520000100135803,0.6744999885559082,0.6520000100135803,0.6735000014305115,8402
2001-09-10,0.6570000052452087,0.6620000004768372,0.6495000123977661,0.6499999761581421,1228
2001-09-17,0.6570000052452087,0.659500002861023,0.6439999938011169,0.6510000228881836,3382
2001-09-24,0.6460000276565552,0.6570000052452087,0.6460000276565552,0.6570000052452087,1578
2001-10-01,0.6349999904632568,0.6470000147819519,0.6330000162124634,0.6424999833106995,0
2001-10-08,0.6355000138282776,0.6430000066757202,0.6320000290870667,0.6370000243186951,0
2001-10-15,0.6205000281333923,0.6399999856948853,0.6205000281333923,0.6359999775886536,0
2001-10-22,0.6305000185966492,0.640500009059906,0.6179999709129333,0.6209999918937683,0
2001-10-29,0.6115000247955322,0.6340000033378601,0.6110000014305115,0.625,2791
2001-11-05,0.6384999752044678,0.6384999752044678,0.6039999723434448,0.612500011920929,1627
2001-11-12,0.6800000071525574,0.6880000233650208,0.6355000138282776,0.6399999856948853,1109
2001-11-19,0.6754999756813049,0.6815000176429749,0.671500027179718,0.6815000176429749,659
2001-11-26,0.722000002861023,0.7254999876022339,0.6815000176429749,0.6815000176429749,13043
2001-12-03,0.6765000224113464,0.7210000157356262,0.6740000247955322,0.7210000157356262,4838
2001-12-10,0.6710000038146973,0.6840000152587891,0.6660000085830688,0.675000011920929,6221
2001-12-17,0.6765000224113464,0.6850000023841858,0.6685000061988831,0.6690000295639038,2521
2001-12-24,0.6710000038146973,0.6859999895095825,0.6700000166893005,0.6804999709129333,2055
2001-12-31,0.6700000166893005,0.6700000166893005,0.6520000100135803,0.659500002861023,1121
2002-01-07,0.7039999961853027,0.7179999947547913,0.690500020980835,0.6930000185966492,2138
2002-01-14,0.6945000290870667,0.7049999833106995,0.6940000057220459,0.7039999961853027,1461
2002-01-21,0.7085000276565552,0.7145000100135803,0.6940000057220459,0.6940000057220459,1035
2002-01-28,0.7335000038146973,0.7335000038146973,0.6930000185966492,0.703499972820282,3855
2002-02-04,0.7315000295639038,0.737500011920929,0.7260000109672546,0.7279999852180481,776
2002-02-11,0.7325000166893005,0.7494999766349792,0.7254999876022339,0.7254999876022339,918
2002-02-18,0.6990000009536743,0.7210000157356262,0.6984999775886536,0.7210000157356262,926
2002-02-25,0.7264999747276306,0.7289999723434448,0.7005000114440918,0.7049999833106995,14875
2002-03-04,0.746999979019165,0.753000020980835,0.7329999804496765,0.7360000014305115,2447
2002-03-11,0.7459999918937683,0.7509999871253967,0.734499990940094,0.746999979019165,3587
2002-03-18,0.7450000047683716,0.765999972820282,0.7450000047683716,0.7609999775886536,1601
2002-03-25,0.7605000138282776,0.7605000138282776,0.7335000038146973,0.7369999885559082,1272
2002-04-01,0.7210000157356262,0.7674999833106995,0.7179999947547913,0.7599999904632568,1030
2002-04-08,0.7149999737739563,0.7250000238418579,0.7139999866485596,0.7235000133514404,787
2002-04-15,0.7315000295639038,0.7350000143051147,0.7099999785423279,0.7099999785423279,780
2002-04-22,0.7350000143051147,0.7459999918937683,0.7254999876022339,0.7455000281333923,8009
2002-04-29,0.718999981880188,0.7459999918937683,0.7139999866485596,0.7319999933242798,5267
2002-05-06,0.7329999804496765,0.7350000143051147,0.7074999809265137,0.7160000205039978,3830
2002-05-13,0.7239999771118164,0.7450000047683716,0.7204999923706055,0.7294999957084656,2698
2002-05-20,0.7350000143051147,0.7384999990463257,0.7200000286102295,0.7229999899864197,3365
2002-05-27,0.7615000009536743,0.7615000009536743,0.7450000047683716,0.7450000047683716,4302
2002-06-03,0.7774999737739563,0.7900000214576721,0.7639999985694885,0.7664999961853027,1211
2002-06-10,0.7634999752044678,0.777999997138977,0.7534999847412109,0.777999997138977,1115
2002-06-17,0.7419999837875366,0.7609999775886536,0.7390000224113464,0.7609999775886536,1102
2002-06-24,0.7674999833106995,0.7710000276565552,0.7369999885559082,0.7379999756813049,12884
2002-07-01,0.7484999895095825,0.7720000147819519,0.7475000023841858,0.7710000276565552,1960
2002-07-08,0.7394999861717224,0.7639999985694885,0.7379999756813049,0.7639999985694885,2752
2002-07-15,0.7145000100135803,0.7459999918937683,0.7139999866485596,0.7400000095367432,2019
2002-07-22,0.6869999766349792,0.7049999833106995,0.6769999861717224,0.703000009059906,2001
2002-07-29,0.6790000200271606,0.6955000162124634,0.6769999861717224,0.6934999823570251,2850
2002-08-05,0.6754999756813049,0.6775000095367432,0.6660000085830688,0.6735000014305115,1930
2002-08-12,0.6744999885559082,0.6815000176429749,0.6685000061988831,0.6694999933242798,922
2002-08-19,0.684499979019165,0.6875,0.6744999885559082,0.6744999885559082,792
2002-08-26,0.6869999766349792,0.6924999952316284,0.6759999990463257,0.6890000104904175,10267
2002-09-02,0.6740000247955322,0.6869999766349792,0.6629999876022339,0.6869999766349792,5590
2002-09-09,0.6919999718666077,0.7045000195503235,0.675000011920929,0.675000011920929,2229
2002-09-16,0.675000011920929,0.690500020980835,0.6679999828338623,0.690500020980835,1638
2002-09-23,0.6604999899864197,0.6765000224113464,0.6604999899864197,0.6765000224113464,4792
2002-09-30,0.656000018119812,0.6704999804496765,0.656000018119812,0.6579999923706055,1080
2002-10-07,0.6779999732971191,0.6784999966621399,0.6549999713897705,0.6549999713897705,1524
2002-10-14,0.6880000233650208,0.6919999718666077,0.6660000085830688,0.6660000085830688,983
2002-10-21,0.7105000019073486,0.7105000019073486,0.6880000233650208,0.6899999976158142,1109
2002-10-28,0.7235000133514404,0.7235000133514404,0.6970000267028809,0.7149999737739563,4410
2002-11-04,0.7139999866485596,0.7285000085830688,0.7129999995231628,0.7254999876022339,740
2002-11-11,0.7170000076293945,0.7214999794960022,0.7099999785423279,0.7214999794960022,764
2002-11-18,0.7354999780654907,0.7425000071525574,0.722000002861023,0.722000002861023,465
2002-11-25,0.7494999766349792,0.7494999766349792,0.7239999771118164,0.7335000038146973,18077
2002-12-02,0.7404999732971191,0.7630000114440918,0.7315000295639038,0.7494999766349792,3032
2002-12-09,0.7239999771118164,0.7409999966621399,0.7239999771118164,0.7404999732971191,2296
2002-12-16,0.7110000252723694,0.7484999895095825,0.7110000252723694,0.7200000286102295,2343
2002-12-23,0.6995000243186951,0.7145000100135803,0.6940000057220459,0.7135000228881836,5182
2002-12-30,0.7264999747276306,0.7264999747276306,0.690500020980835,0.699999988079071,1926
2003-01-06,0.7400000095367432,0.7484999895095825,0.7285000085830688,0.7294999957084656,862
2003-01-13,0.7544999718666077,0.7615000009536743,0.7429999709129333,0.7429999709129333,1008
2003-01-20,0.7649999856948853,0.7724999785423279,0.7649999856948853,0.765500009059906,492
2003-01-27,0.7914999723434448,0.7914999723434448,0.753000020980835,0.762499988079071,1430
2003-02-03,0.7615000009536743,0.7919999957084656,0.7599999904632568,0.7919999957084656,701
2003-02-10,0.7549999952316284,0.7770000100135803,0.7465000152587891,0.7630000114440918,796
2003-02-17,0.7764999866485596,0.7764999866485596,0.7384999990463257,0.7384999990463257,455
2003-02-24,0.7749999761581421,0.7960000038146973,0.7724999785423279,0.7745000123977661,8228
2003-03-03,0.7664999961853027,0.796999990940094,0.7490000128746033,0.7760000228881836,3717
2003-03-10,0.7505000233650208,0.7829999923706055,0.7465000152587891,0.7590000033378601,1406
2003-03-17,0.7754999995231628,0.7754999995231628,0.7465000152587891,0.746999979019165,1062
2003-03-24,0.7254999876022339,0.7695000171661377,0.7160000205039978,0.7620000243186951,2189
2003-03-31,0.7160000205039978,0.7250000238418579,0.7089999914169312,0.722000002861023,821
2003-04-07,0.7245000004768372,0.7269999980926514,0.7135000228881836,0.7250000238418579,645
2003-04-14,0.7360000014305115,0.7360000014305115,0.7200000286102295,0.7200000286102295,449
2003-04-21,0.7145000100135803,0.7285000085830688,0.7099999785423279,0.7269999980926514,290
2003-04-28,0.7149999737739563,0.7319999933242798,0.7120000123977661,0.7204999923706055,21215
2003-05-05,0.734000027179718,0.7384999990463257,0.7129999995231628,0.7160000205039978,1547
2003-05-12,0.7574999928474426,0.7609999775886536,0.7325000166893005,0.7325000166893005,1326
2003-05-19,0.7639999985694885,0.7730000019073486,0.753000020980835,0.7605000138282776,1274
2003-05-26,0.7799999713897705,0.781000018119812,0.7645000219345093,0.7730000019073486,3566
2003-06-02,0.7804999947547913,0.7900000214576721,0.777999997138977,0.7900000214576721,708
2003-06-09,0.7599999904632568,0.7739999890327454,0.7599999904632568,0.7735000252723694,815
2003-06-16,0.7730000019073486,0.781000018119812,0.7570000290870667,0.7576000094413757,394
2003-06-23,0.7565000057220459,0.7695000171661377,0.7509999871253967,0.7695000171661377,17641
2003-06-30,0.7465000152587891,0.7574999928474426,0.7425000071525574,0.7465000152587891,4293
2003-07-07,0.7760000228881836,0.7829999923706055,0.7559999823570251,0.7559999823570251,1106
2003-07-14,0.7829999923706055,0.7960000038146973,0.7774999737739563,0.7860000133514404,896
2003-07-21,0.7944999933242798,0.8009999990463257,0.7724999785423279,0.777999997138977,888
2003-07-28,0.8159999847412109,0.8205000162124634,0.7990000247955322,0.8100000023841858,2412
2003-08-04,0.7994999885559082,0.8100000023841858,0.7994999885559082,0.8080000281333923,570
2003-08-11,0.7900000214576721,0.7994999885559082,0.7850000262260437,0.7990000247955322,555
2003-08-18,0.8019999861717224,0.8025000095367432,0.7940000295639038,0.7940000295639038,431
2003-08-25,0.8029999732971191,0.8040000200271606,0.7820000052452087,0.8040000200271606,23364
2003-09-01,0.8270000219345093,0.8320000171661377,0.8065000176429749,0.8065000176429749,2572
2003-09-08,0.8100000023841858,0.8274999856948853,0.8034999966621399,0.8205000162124634,1351
2003-09-15,0.824999988079071,0.828000009059906,0.8044999837875366,0.8144999742507935,1340
2003-09-22,0.8165000081062317,0.8295000195503235,0.8149999976158142,0.8295000195503235,1842
2003-09-29,0.8339999914169312,0.8345000147819519,0.8109999895095825,0.8130000233650208,3073
2003-10-06,0.8604999780654907,0.8604999780654907,0.8330000042915344,0.8335000276565552,731
2003-10-13,0.8920000195503235,0.8964999914169312,0.8709999918937683,0.8679999709129333,811
2003-10-20,0.890500009059906,0.9110000133514404,0.8889999985694885,0.9010000228881836,866
2003-10-27,0.9369999766349792,0.9375,0.9020000100135804,0.9024999737739564,2178
2003-11-03,0.9430000185966492,0.959500014781952,0.9259999990463256,0.9259999990463256,638
2003-11-10,0.9514999985694884,0.9480000138282776,0.9269999861717224,0.934499979019165,722
2003-11-17,0.8934999704360962,0.9330000281333924,0.8809999823570251,0.9200000166893004,407
2003-11-24,0.9070000052452089,0.9075000286102296,0.887499988079071,0.8930000066757202,36077
2003-12-01,0.968999981880188,0.9865000247955322,0.9319999814033508,0.9369999766349792,5073
2003-12-08,0.9865000247955322,0.9850000143051147,0.9664999842643738,0.9769999980926514,1407
2003-12-15,1.0260000228881836,1.0269999504089355,0.9890000224113464,0.99099999666214,1858
2003-12-22,1.0264999866485596,1.0264999866485596,1.0110000371932983,1.0149999856948853,1019
2003-12-29,1.0429999828338623,1.0455000400543213,1.0299999713897705,1.0434999465942385,2635
2004-01-05,1.0994999408721924,1.1039999723434448,1.059999942779541,1.0759999752044678,2057
2004-01-12,1.090999960899353,1.0954999923706057,1.0720000267028809,1.090499997138977,886
2004-01-19,1.121500015258789,1.1230000257492063,1.1050000190734863,1.1059999465942385,540
2004-01-26,1.1430000066757202,1.1425000429153442,1.1134999990463257,1.1204999685287476,2473
2004-02-02,1.1799999475479126,1.180999994277954,1.1419999599456787,1.1514999866485596,1190
2004-02-09,1.2445000410079956,1.246000051498413,1.1775000095367432,1.184999942779541,576
2004-02-16,1.3075000047683716,1.3489999771118164,1.2999999523162842,1.2999999523162842,324
2004-02-23,1.343000054359436,1.3494999408721924,1.2994999885559082,1.3125,23079
2004-03-01,1.3380000591278076,1.3984999656677246,1.277999997138977,1.350499987602234,4525
2004-03-08,1.309000015258789,1.3350000381469729,1.2619999647140503,1.3140000104904177,3039
2004-03-15,1.378999948501587,1.381500005722046,1.3135000467300415,1.3135000467300415,1870
2004-03-22,1.3524999618530271,1.3854999542236328,1.3220000267028809,1.3854999542236328,1962
2004-03-29,1.3519999980926514,1.371999979019165,1.3359999656677246,1.3639999628067017,3527
2004-04-05,1.3125,1.3320000171661377,1.2999999523162842,1.315999984741211,1390
2004-04-12,1.350499987602234,1.350000023841858,1.2769999504089355,1.287999987602234,1140
2004-04-19,1.243000030517578,1.368000030517578,1.2289999723434448,1.3574999570846558,886
2004-04-26,1.2094999551773071,1.2450000047683716,1.162500023841858,1.24399995803833,19708
2004-05-03,1.1924999952316284,1.2549999952316284,1.184999942779541,1.2094999551773071,6301
2004-05-10,1.1759999990463257,1.1979999542236328,1.152999997138977,1.1690000295639038,2241
2004-05-17,1.2200000286102295,1.225000023841858,1.1380000114440918,1.1670000553131104,2201
2004-05-24,1.277999997138977,1.2799999713897705,1.2269999980926514,1.2319999933242798,2642
2004-05-31,1.2335000038146973,1.2990000247955322,1.2200000286102295,1.2719999551773071,715
2004-06-07,1.1759999990463257,1.2660000324249268,1.131999969482422,1.258999943733215,892
2004-06-14,1.1950000524520874,1.1990000009536743,1.1480000019073486,1.1579999923706057,850
2004-06-21,1.2094999551773071,1.222499966621399,1.1549999713897705,1.1970000267028809,674
2004-06-28,1.2200000286102295,1.2300000190734863,1.1640000343322754,1.2130000591278076,11901
2004-07-05,1.281000018119812,1.2890000343322754,1.2105000019073486,1.243000030517578,2286
2004-07-12,1.3135000467300415,1.315999984741211,1.2690000534057615,1.2899999618530271,1692
2004-07-19,1.246999979019165,1.309499979019165,1.2380000352859497,1.305999994277954,2136
2004-07-26,1.3079999685287476,1.3079999685287476,1.218999981880188,1.2580000162124634,2649
2004-08-02,1.281999945640564,1.309000015258789,1.281999945640564,1.309000015258789,982
2004-08-09,1.3209999799728394,1.3079999685287476,1.2450000047683716,1.2549999952316284,629
2004-08-16,1.2714999914169312,1.3339999914169312,1.2669999599456787,1.3320000171661377,770
2004-08-23,1.2610000371932983,1.2764999866485596,1.2419999837875366,1.2764999866485596,4921
2004-08-30,1.2404999732971191,1.2855000495910645,1.2230000495910645,1.258999943733215,10299
2004-09-06,1.281000018119812,1.2899999618530271,1.2359999418258667,1.2395000457763672,2071
2004-09-13,1.3020000457763672,1.3029999732971191,1.2649999856948853,1.2760000228881836,2650
2004-09-20,1.3619999885559082,1.3799999952316284,1.2999999523162842,1.2999999523162842,2287
2004-09-27,1.4079999923706057,1.4119999408721924,1.371000051498413,1.3760000467300415,2283
2004-10-04,1.4735000133514404,1.4859999418258667,1.3860000371932983,1.3960000276565552,1223
2004-10-11,1.315999984741211,1.4769999980926514,1.2719999551773071,1.4769999980926514,1298
2004-10-18,1.309499979019165,1.3209999799728394,1.274999976158142,1.3105000257492063,971
2004-10-25,1.347499966621399,1.3485000133514404,1.253000020980835,1.2869999408721924,2489
2004-11-01,1.378499984741211,1.378999948501587,1.309999942779541,1.3229999542236328,2197
2004-11-08,1.4279999732971191,1.440000057220459,1.375,1.3914999961853027,965
2004-11-15,1.4819999933242798,1.4819999933242798,1.4160000085830688,1.4329999685287476,1074
2004-11-22,1.4884999990463257,1.4919999837875366,1.4429999589920044,1.4589999914169312,10032
2004-11-29,1.434999942779541,1.4700000286102295,1.4019999504089355,1.4279999732971191,16787
2004-12-06,1.4014999866485596,1.440000057220459,1.3600000143051147,1.4249999523162842,3614
2004-12-13,1.472499966621399,1.4809999465942385,1.409999966621399,1.4199999570846558,3193
2004-12-20,1.4830000400543213,1.5199999809265137,1.4700000286102295,1.47599995136261,2121
2004-12-27,1.4869999885559082,1.5499999523162842,1.4509999752044678,1.4229999780654907,3232
2005-01-03,1.4149999618530271,1.52400004863739,1.3830000162124634,1.5,1968
2005-01-10,1.434000015258789,1.4520000219345093,1.4079999923706057,1.409999966621399,1414
2005-01-17,1.4765000343322754,1.4800000190734863,1.4170000553131104,1.4199999570846558,1294
2005-01-24,1.462499976158142,1.496999979019165,1.4500000476837158,1.4830000400543213,3299
2005-01-31,1.4179999828338623,1.4630000591278076,1.399999976158142,1.4579999446868896,1794
2005-02-07,1.4674999713897705,1.4700000286102295,1.4014999866485596,1.4220000505447388,1363
2005-02-14,1.4945000410079956,1.5045000314712524,1.4500000476837158,1.465999960899353,1346
2005-02-21,1.4889999628067017,1.5080000162124634,1.4490000009536743,1.5080000162124634,12098
2005-02-28,1.4919999837875366,1.5125000476837158,1.4459999799728394,1.4880000352859497,5199
2005-03-07,1.4809999465942385,1.5199999809265137,1.4700000286102295,1.493000030517578,2215
2005-03-14,1.5075000524520874,1.5160000324249268,1.4670000076293943,1.4859999418258667,1678
2005-03-21,1.4594999551773071,1.50600004196167,1.4470000267028809,1.503000020980835,2647
2005-03-28,1.4924999475479126,1.508999943733215,1.4570000171661377,1.4639999866485596,1912
2005-04-04,1.5234999656677246,1.524999976158142,1.4800000190734863,1.4859999418258667,2370
2005-04-11,1.4630000591278076,1.5499999523162842,1.4279999732971191,1.5429999828338623,2216
2005-04-18,1.5019999742507937,1.5169999599456787,1.4459999799728394,1.4550000429153442,1550
2005-04-25,1.4980000257492063,1.5080000162124634,1.4494999647140503,1.4800000190734863,3177
2005-05-02,1.472000002861023,1.4980000257492063,1.4459999799728394,1.4900000095367432,3389
2005-05-09,1.4244999885559082,1.4919999837875366,1.4199999570846558,1.472000002861023,3995
2005-05-16,1.475000023841858,1.475000023841858,1.409999966621399,1.440000057220459,2660
2005-05-23,1.4859999418258667,1.5449999570846558,1.4670000076293943,1.4670000076293943,11700
2005-05-30,1.5954999923706057,1.6200000047683716,1.465000033378601,1.465000033378601,2500
2005-06-06,1.631999969482422,1.631999969482422,1.5850000381469729,1.5950000286102295,2043
2005-06-13,1.6894999742507937,1.690000057220459,1.590000033378601,1.6299999952316284,2011
2005-06-20,1.6755000352859497,1.7074999809265137,1.6399999856948853,1.6799999475479126,2764
2005-06-27,1.5364999771118164,1.684999942779541,1.537500023841858,1.6755000352859497,14034
2005-07-04,1.625499963760376,1.6299999952316284,1.537500023841858,1.537500023841858,2500
2005-07-11,1.628999948501587,1.6449999809265137,1.5829999446868896,1.6295000314712524,2640
2005-07-18,1.655500054359436,1.6649999618530271,1.6269999742507937,1.6369999647140503,2849
2005-07-25,1.6875,1.6920000314712524,1.6390000581741333,1.655500054359436,3582
2005-08-01,1.6890000104904177,1.7085000276565552,1.6799999475479126,1.684999942779541,1367
2005-08-08,1.7374999523162842,1.7380000352859497,1.6419999599456787,1.6749999523162842,1351
2005-08-15,1.718500018119812,1.8025000095367432,1.7050000429153442,1.75,1472
2005-08-22,1.7695000171661377,1.774999976158142,1.7109999656677246,1.722000002861023,1464
2005-08-29,1.746999979019165,1.8049999475479128,1.684999942779541,1.774999976158142,9988
2005-09-05,1.684000015258789,1.7549999952316284,1.6690000295639038,1.743499994277954,3940
2005-09-12,1.6729999780654907,1.7239999771118164,1.6549999713897705,1.6859999895095823,3292
2005-09-19,1.7984999418258667,1.8240000009536743,1.6649999618530271,1.6729999780654907,3764
2005-09-26,1.8014999628067017,1.8819999694824217,1.7940000295639038,1.8170000314712524,5834
2005-10-03,1.900500059127808,1.9019999504089355,1.7990000247955322,1.809999942779541,4007
2005-10-10,1.8545000553131104,1.9270000457763672,1.838000059127808,1.8954999446868896,1876
2005-10-17,1.9279999732971191,1.9670000076293943,1.8550000190734863,1.883999943733216,2673
2005-10-24,1.8960000276565552,1.9889999628067017,1.8420000076293943,1.902999997138977,3812
2005-10-31,1.933500051498413,1.937000036239624,1.871999979019165,1.8899999856948853,2771
2005-11-07,1.9989999532699585,2.000999927520752,1.9170000553131104,1.934999942779541,2009
2005-11-14,2.0999999046325684,2.0999999046325684,1.9900000095367432,2.0,2370
2005-11-21,2.140000104904175,2.140000104904175,2.0450000762939453,2.0989999771118164,2115
2005-11-28,2.1524999141693115,2.194000005722046,2.005500078201294,2.1600000858306885,24967
2005-12-05,2.180000066757202,2.180000066757202,2.109999895095825,2.1540000438690186,3943
2005-12-12,2.1695001125335693,2.1989998817443848,2.1050000190734863,2.197000026702881,3900
2005-12-19,2.2304999828338623,2.25,2.1475000381469727,2.1675000190734863,4400
2005-12-26,2.1614999771118164,2.299000024795532,2.1449999809265137,2.289999961853028,2776
2006-01-02,2.1554999351501465,2.2300000190734863,2.118499994277954,2.1600000858306885,2477
2006-01-09,2.1679999828338623,2.184000015258789,2.140000104904175,2.1679999828338623,1842
2006-01-16,2.130000114440918,2.177000045776367,2.118000030517578,2.1549999713897705,1130
2006-01-23,2.296499967575073,2.2920000553131104,2.119999885559082,2.134999990463257,2412
2006-01-30,2.318000078201294,2.325999975204468,2.2230000495910645,2.242000102996826,1609
2006-02-06,2.2260000705718994,2.3399999141693115,2.211999893188477,2.302999973297119,1192
2006-02-13,2.2090001106262207,2.2699999809265137,2.1559998989105225,2.240000009536743,1429
2006-02-20,2.2039999961853027,2.2809998989105225,2.2039999961853027,2.240000009536743,7992
2006-02-27,2.2695000171661377,2.2850000858306885,2.13100004196167,2.2090001106262207,10935
2006-03-06,2.2170000076293945,2.2730000019073486,2.1480000019073486,2.2664999961853027,3520
2006-03-13,2.36899995803833,2.371000051498413,2.220999956130981,2.2295000553131104,2612
2006-03-20,2.4114999771118164,2.424000024795532,2.3289999961853027,2.365499973297119,2075
2006-03-27,2.48799991607666,2.532999992370605,2.4100000858306885,2.4200000762939453,4286
2006-04-03,2.6705000400543213,2.677000045776367,2.492500066757202,2.492500066757202,1951
2006-04-10,2.868000030517578,2.869999885559082,2.720000028610229,2.720000028610229,1346
2006-04-17,3.247999906539917,3.240000009536743,2.924999952316284,3.0,2988
2006-04-24,3.3355000019073486,3.5,3.200000047683716,3.2100000381469727,18785
2006-05-01,3.5969998836517334,3.640000104904175,3.32699990272522,3.32699990272522,6030
2006-05-08,3.9665000438690186,4.159999847412109,3.5280001163482666,3.61299991607666,3495
2006-05-15,3.642999887466431,3.974999904632568,3.619999885559082,3.7274999618530273,4838
2006-05-22,4.014999866485596,4.054999828338623,3.4800000190734863,3.619999885559082,3854
2006-05-29,3.6644999980926514,3.900000095367432,3.440000057220459,3.8940000534057617,2739
2006-06-05,3.372999906539917,3.704999923706055,3.3550000190734863,3.680000066757202,1931
2006-06-12,3.3864998817443848,3.4100000858306885,3.069999933242798,3.305000066757202,1442
2006-06-19,3.3424999713897705,3.3949999809265137,3.140000104904175,3.3949999809265137,1576
2006-06-26,3.462500095367432,3.552500009536743,3.240499973297119,3.309999942779541,10935
2006-07-03,3.642499923706055,3.7100000381469727,3.444999933242798,3.50600004196167,2832
2006-07-10,3.829499959945679,3.869999885559082,3.5850000381469727,3.640000104904175,3140
2006-07-17,3.4165000915527344,3.765000104904175,3.345000028610229,3.759999990463257,3597
2006-07-24,3.5840001106262207,3.5850000381469727,3.319999933242798,3.4679999351501465,5242
2006-07-31,3.662499904632568,3.7200000286102295,3.5,3.5824999809265137,1781
2006-08-07,3.513000011444092,3.7799999713897705,3.484999895095825,3.690000057220459,1725
2006-08-14,3.450000047683716,3.5799999237060547,3.3499999046325684,3.5,1359
2006-08-21,3.4549999237060547,3.525000095367432,3.380000114440918,3.509999990463257,1701
2006-08-28,3.4749999046325684,3.505000114440918,3.3499999046325684,3.450000047683716,11339
2006-09-04,3.578000068664551,3.7100000381469727,3.484499931335449,3.484499931335449,3415
2006-09-11,3.316499948501587,3.587500095367432,3.2799999713897705,3.5799999237060547,3474
2006-09-18,3.439500093460083,3.47849988937378,3.2699999809265137,3.3399999141693115,4246
2006-09-25,3.4590001106262207,3.5,3.345000028610229,3.378999948501587,3199
2006-10-02,3.383500099182129,3.490000009536743,3.200000047683716,3.470000028610229,2327
2006-10-09,3.3984999656677246,3.440000057220459,3.3299999237060547,3.414999961853028,1703
2006-10-16,3.444499969482422,3.559999942779541,3.440000057220459,3.505000114440918,1767
2006-10-23,3.3910000324249268,3.4800000190734863,3.3499999046325684,3.430000066757202,2379
2006-10-30,3.315500020980835,3.3949999809265137,3.2300000190734863,3.3949999809265137,2397
2006-11-06,3.077500104904175,3.400000095367432,3.072499990463257,3.289999961853028,1852
2006-11-13,3.052500009536743,3.109999895095825,3.0,3.109999895095825,1611
2006-11-20,3.1059999465942383,3.1449999809265137,3.0299999713897705,3.065000057220459,1291
2006-11-27,3.1470000743865967,3.2074999809265137,3.0850000381469727,3.184999942779541,12382
2006-12-04,3.1070001125335693,3.2699999809265137,3.0804998874664307,3.150500059127808,4757
2006-12-11,3.003999948501587,3.1449999809265137,2.9800000190734863,3.119499921798706,3454
2006-12-18,2.8299999237060547,3.0299999713897705,2.8299999237060547,3.0299999713897705,3702
2006-12-25,2.8540000915527344,2.885999917984009,2.825000047683716,2.8540000915527344,3827
2007-01-01,2.5225000381469727,2.877000093460083,2.509999990463257,2.877000093460083,3522
2007-01-08,2.5929999351501465,2.680000066757202,2.490000009536743,2.55649995803833,1702
2007-01-15,2.502000093460083,2.5850000381469727,2.4760000705718994,2.5850000381469727,1452
2007-01-22,2.621500015258789,2.650000095367432,2.494999885559082,2.526000022888184,1595
2007-01-29,2.4100000858306885,2.5850000381469727,2.384999990463257,2.5269999504089355,3190
2007-02-05,2.506500005722046,2.515000104904175,2.388499975204468,2.3989999294281006,1797
2007-02-12,2.638499975204468,2.6730000972747803,2.4765000343322754,2.4765000343322754,1410
2007-02-19,2.8364999294281006,2.845000028610229,2.572000026702881,2.624000072479248,1494
2007-02-26,2.693000078201294,2.875,2.6700000762939453,2.8499999046325684,18786
2007-03-05,2.7769999504089355,2.862499952316284,2.615000009536743,2.678499937057495,3200
2007-03-12,3.008500099182129,3.009999990463257,2.76200008392334,2.76200008392334,4646
2007-03-19,3.069000005722046,3.109999895095825,2.99399995803833,3.005000114440918,2720
2007-03-26,3.1435000896453857,3.1524999141693115,3.0209999084472656,3.0850000381469727,2821
2007-04-02,3.371000051498413,3.4100000858306885,3.1050000190734863,3.119999885559082,1718
2007-04-09,3.5295000076293945,3.6050000190734863,3.4200000762939453,3.424000024795532,1289
2007-04-16,3.6064999103546143,3.637500047683716,3.5174999237060547,3.576499938964844,1076
2007-04-23,3.51449990272522,3.621000051498413,3.434000015258789,3.6064999103546143,13604
2007-04-30,3.750499963760376,3.795000076293945,3.503999948501587,3.51449990272522,5140
2007-05-07,3.6010000705718994,3.75,3.539999961853028,3.75,2352
2007-05-14,3.3285000324249268,3.6034998893737793,3.259500026702881,3.6034998893737793,2919
2007-05-21,3.32699990272522,3.4100000858306885,3.177500009536743,3.3410000801086426,1717
2007-05-28,3.4024999141693115,3.4170000553131104,3.275000095367432,3.32450008392334,1754
2007-06-04,3.257999897003174,3.483999967575073,3.247999906539917,3.4649999141693115,1240
2007-06-11,3.4230000972747803,3.430000066757202,3.23799991607666,3.336999893188477,1102
2007-06-18,3.385499954223633,3.494999885559082,3.380000114440918,3.4539999961853027,1055
2007-06-25,3.4535000324249268,3.4749999046325684,3.302500009536743,3.390000104904175,12272
2007-07-02,3.611000061035156,3.615000009536743,3.4535000324249268,3.4535000324249268,4940
2007-07-09,3.615499973297119,3.683000087738037,3.559000015258789,3.619999885559082,2946
2007-07-16,3.753999948501587,3.7715001106262207,3.549999952316284,3.609999895095825,3105
2007-07-23,3.5510001182556152,3.786999940872192,3.51200008392334,3.786999940872192,3606
2007-07-30,3.484499931335449,3.6549999713897705,3.4684998989105225,3.561000108718872,1779
2007-08-06,3.3945000171661377,3.5199999809265137,3.309999942779541,3.461999893188477,1086
2007-08-13,3.156500101089477,3.490000009536743,3.130000114440918,3.440500020980835,1194
2007-08-20,3.365000009536743,3.299999952316284,3.140000104904175,3.213000059127808,1044
2007-08-27,3.4110000133514404,3.4549999237060547,3.290499925613404,3.3935000896453857,12650
2007-09-03,3.259500026702881,3.380000114440918,3.2149999141693115,3.369999885559082,5923
2007-09-10,3.3910000324249268,3.4570000171661377,3.2309999465942383,3.259999990463257,2113
2007-09-17,3.572499990463257,3.631500005722046,3.4049999713897705,3.430000066757202,2421
2007-09-24,3.630500078201294,3.67300009727478,3.5850000381469727,3.6015000343322754,2241
2007-10-01,3.696500062942505,3.755000114440918,3.650000095367432,3.651000022888184,1878
2007-10-08,3.630500078201294,3.7090001106262207,3.569499969482422,3.694999933242798,1059
2007-10-15,3.547499895095825,3.670000076293945,3.5199999809265137,3.659499883651733,915
2007-10-22,3.5295000076293945,3.5429999828338623,3.443000078201294,3.4590001106262207,820
2007-10-29,3.317500114440918,3.5299999713897705,3.303499937057495,3.5299999713897705,1735
2007-11-05,3.1424999237060547,3.344000101089477,3.125,3.299999952316284,1243
2007-11-12,3.1559998989105225,3.2725000381469727,3.059000015258789,3.0799999237060547,976
2007-11-19,2.984999895095825,3.1435000896453857,2.882499933242798,3.119999885559082,1126
2007-11-26,3.157000064849853,3.1640000343322754,2.9574999809265137,3.0309998989105225,12970
2007-12-03,3.094500064849853,3.150000095367432,2.970000028610229,3.150000095367432,5621
2007-12-10,2.936500072479248,3.0999999046325684,2.9100000858306885,3.0999999046325684,2776
2007-12-17,3.0934998989105225,3.0999999046325684,2.8499999046325684,2.950999975204468,2208
2007-12-24,3.057499885559082,3.194999933242798,3.059999942779541,3.183500051498413,1408
2007-12-31,3.1414999961853027,3.21399998664856,3.0185000896453857,3.049999952316284,964
2008-01-07,3.283499956130981,3.3310000896453857,3.119999885559082,3.1470000743865967,1157
2008-01-14,3.2244999408721924,3.3304998874664307,3.138999938964844,3.3289999961853027,1054
2008-01-21,3.1760001182556152,3.242500066757202,3.056999921798706,3.242500066757202,1139
2008-01-28,3.260499954223633,3.32450008392334,3.122999906539917,3.122999906539917,1351
2008-02-04,3.5344998836517334,3.552000045776367,3.180000066757202,3.2780001163482666,1266
2008-02-11,3.5209999084472656,3.5899999141693115,3.4755001068115234,3.5899999141693115,1022
2008-02-18,3.786999940872192,3.8125,3.615000009536743,3.621000051498413,1030
2008-02-25,3.8519999980926514,3.8965001106262207,3.694999933242798,3.74399995803833,12442
2008-03-03,3.931999921798706,4.015500068664551,3.79800009727478,3.839999914169312,4017
2008-03-10,3.846999883651733,3.910000085830689,3.775000095367432,3.8965001106262207,2252
2008-03-17,3.611000061035156,3.890000104904175,3.496500015258789,3.890000104904175,2122
2008-03-24,3.8559999465942383,3.934000015258789,3.5789999961853027,3.612499952316284,2194
2008-03-31,3.9784998893737793,3.9784998893737793,3.753999948501587,3.8345000743865967,1417
2008-04-07,3.974499940872192,4.027500152587891,3.883500099182129,4.0,1081
2008-04-14,3.919500112533569,4.03249979019165,3.858000040054321,3.900000095367432,849
2008-04-21,3.9595000743865967,4.010000228881836,3.865000009536743,3.92300009727478,903
2008-04-28,3.858000040054321,3.987499952316284,3.7109999656677246,3.9790000915527344,16393
2008-05-05,3.753499984741211,4.272500038146973,3.714999914169312,3.875499963760376,3159
2008-05-12,3.846499919891357,3.872999906539917,3.703500032424927,3.75,2847
2008-05-19,3.755000114440918,3.846499919891357,3.67549991607666,3.81850004196167,2596
2008-05-26,3.628000020980835,3.752000093460083,3.572499990463257,3.7279999256134033,3207
2008-06-02,3.624000072479248,3.6675000190734863,3.531500101089477,3.565000057220459,1367
2008-06-09,3.594000101089477,3.61899995803833,3.509999990463257,3.615000009536743,1586
2008-06-16,3.8320000171661377,3.838000059127808,3.6034998893737793,3.6034998893737793,1077
2008-06-23,3.884000062942505,3.890000104904175,3.765000104904175,3.7890000343322754,11986
2008-06-30,3.875,4.082499980926514,3.8445000648498535,3.875999927520752,5988
2008-07-07,3.755500078201294,3.883500099182129,3.660000085830689,3.871500015258789,2650
2008-07-14,3.686500072479248,3.7899999618530273,3.660000085830689,3.7709999084472656,2084
2008-07-21,3.703999996185303,3.759999990463257,3.651999950408936,3.700000047683716,1986
2008-07-28,3.628499984741211,3.7899999618530273,3.5894999504089355,3.700000047683716,1586
2008-08-04,3.400500059127808,3.609999895095825,3.367000102996826,3.609999895095825,937
2008-08-11,3.3424999713897705,3.426500082015991,3.236999988555908,3.359999895095825,1001
2008-08-18,3.508500099182129,3.5799999237060547,3.3359999656677246,3.369499921798706,760
2008-08-25,3.429500102996826,3.54099988937378,3.378499984741211,3.539999961853028,19880
2008-09-01,3.123500108718872,3.421999931335449,3.108999967575073,3.4184999465942383,3902
2008-09-08,3.2090001106262207,3.2385001182556152,3.059999942779541,3.184000015258789,2726
2008-09-15,3.184999942779541,3.2214999198913574,3.049999952316284,3.2214999198913574,2414
2008-09-22,3.0794999599456787,3.299999952316284,3.069999933242798,3.247999906539917,2052
2008-09-29,2.7049999237060547,3.0739998817443848,2.630000114440918,3.0739998817443848,2040
2008-10-06,2.156500101089477,2.650000095367432,2.122499942779541,2.650000095367432,1329
2008-10-13,2.180999994277954,2.5190000534057617,2.068000078201294,2.265000104904175,918
2008-10-20,1.6749999523162842,2.2100000381469727,1.7000000476837158,2.2100000381469727,874
2008-10-27,1.843999981880188,2.0385000705718994,1.6950000524520874,1.6950000524520874,1442
2008-11-03,1.6924999952316284,1.9800000190734863,1.7074999809265137,1.877500057220459,1317
2008-11-10,1.7015000581741333,1.8630000352859497,1.600000023841858,1.8630000352859497,1097
2008-11-17,1.5709999799728394,1.6664999723434448,1.5499999523162842,1.63100004196167,1838
2008-11-24,1.6234999895095823,1.7280000448226929,1.597000002861023,1.6749999523162842,33849
2008-12-01,1.3550000190734863,1.6549999713897705,1.350000023841858,1.6449999809265137,3635
2008-12-08,1.406000018119812,1.5054999589920044,1.3550000190734863,1.3904999494552612,1544
2008-12-15,1.3049999475479126,1.4609999656677246,1.2599999904632568,1.4544999599456787,1593
2008-12-22,1.274500012397766,1.3350000381469729,1.247499942779541,1.3344999551773071,1399
2008-12-29,1.444000005722046,1.4420000314712524,1.274999976158142,1.2899999618530271,1613
2009-01-05,1.5455000400543213,1.5644999742507937,1.4144999980926514,1.4214999675750732,1041
2009-01-12,1.5134999752044678,1.565000057220459,1.4149999618530271,1.565000057220459,998
2009-01-19,1.4574999809265137,1.5225000381469729,1.3760000467300415,1.5199999809265137,1262
2009-01-26,1.462000012397766,1.6109999418258667,1.409500002861023,1.4915000200271606,2374
2009-02-02,1.622499942779541,1.622499942779541,1.399999976158142,1.399999976158142,1120
2009-02-09,1.534999966621399,1.6425000429153442,1.5,1.6425000429153442,1036
2009-02-16,1.4140000343322754,1.5015000104904177,1.399999976158142,1.5015000104904177,1163
2009-02-23,1.5260000228881836,1.590999960899353,1.4234999418258667,1.4700000286102295,14947
2009-03-02,1.680500030517578,1.719499945640564,1.4950000047683716,1.5,3970
2009-03-09,1.6584999561309814,1.6924999952316284,1.5859999656677246,1.6829999685287476,2061
2009-03-16,1.787500023841858,1.820500016212464,1.68149995803833,1.68149995803833,1333
2009-03-23,1.8335000276565552,1.8645000457763672,1.774999976158142,1.840499997138977,2163
2009-03-30,1.999500036239624,2.008500099182129,1.7554999589920044,1.8335000276565552,1481
2009-04-06,2.070499897003174,2.072000026702881,1.9385000467300413,1.9795000553131104,564
2009-04-13,2.2114999294281006,2.21399998664856,2.0850000381469727,2.126499891281128,1362
2009-04-20,2.071000099182129,2.15149998664856,1.995000004768372,2.15149998664856,895
2009-04-27,2.1015000343322754,2.118000030517578,1.9119999408721924,2.0450000762939453,15899
2009-05-04,2.1470000743865967,2.2170000076293945,2.065999984741211,2.1440000534057617,2879
2009-05-11,2.0280001163482666,2.1549999713897705,1.9850000143051147,2.1454999446868896,2251
2009-05-18,2.102499961853028,2.138000011444092,1.995000004768372,1.995000004768372,2402
2009-05-25,2.197499990463257,2.200999975204468,2.059999942779541,2.1050000190734863,2226
2009-06-01,2.2809998989105225,2.3475000858306885,2.187000036239624,2.187000036239624,1764
2009-06-08,2.367500066757202,2.446500062942505,2.2320001125335693,2.259999990463257,1215
2009-06-15,2.245500087738037,2.327500104904175,2.2320001125335693,2.309499979019165,1642
2009-06-22,2.2934999465942383,2.3239998817443848,2.119999885559082,2.180000066757202,13007
2009-06-29,2.247499942779541,2.35349988937378,2.2260000705718994,2.2704999446868896,13064
2009-07-06,2.200500011444092,2.2799999713897705,2.134500026702881,2.252500057220459,3237
2009-07-13,2.4140000343322754,2.424499988555908,2.180500030517578,2.219500064849853,1721
2009-07-20,2.5169999599456787,2.5290000438690186,2.4165000915527344,2.438999891281128,1168
2009-07-27,2.616499900817871,2.621500015258789,2.4570000171661377,2.549999952316284,2038
2009-08-03,2.781500101089477,2.8299999237060547,2.701499938964844,2.7290000915527344,1469
2009-08-10,2.8340001106262207,2.923500061035156,2.7074999809265137,2.799999952316284,802
2009-08-17,2.878999948501587,2.877500057220459,2.650000095367432,2.7739999294281006,930
2009-08-24,2.9230000972747803,2.9660000801086426,2.837500095367432,2.880000114440918,31005
2009-08-31,2.8434998989105225,2.963500022888184,2.720000028610229,2.946000099182129,7550
2009-09-07,2.827500104904175,2.9554998874664307,2.809999942779541,2.8350000381469727,2443
2009-09-14,2.7709999084472656,2.934999942779541,2.748500108718872,2.799999952316284,2012
2009-09-21,2.7309999465942383,2.874000072479248,2.6619999408721924,2.755000114440918,2430
2009-09-28,2.671499967575073,2.805999994277954,2.6489999294281006,2.700000047683716,2302
2009-10-05,2.8285000324249268,2.88700008392334,2.650000095367432,2.680000066757202,850
2009-10-12,2.837500095367432,2.8605000972747803,2.755000114440918,2.8299999237060547,846
2009-10-19,3.0239999294281006,3.05049991607666,2.7980000972747803,2.809999942779541,1108
2009-10-26,2.947499990463257,3.057499885559082,2.9094998836517334,3.046999931335449,2656
2009-11-02,2.945499897003174,2.999000072479248,2.890000104904175,2.946500062942505,1801
2009-11-09,2.9684998989105225,3.007499933242798,2.933000087738037,2.9614999294281006,863
2009-11-16,3.1050000190734863,3.135999917984009,3.0169999599456787,3.1005001068115234,960
2009-11-23,3.0934998989105225,3.195499897003174,2.993000030517578,3.133500099182129,37013
2009-11-30,3.213500022888184,3.247499942779541,3.075999975204468,3.095499992370605,10087
2009-12-07,3.109999895095825,3.211999893188477,3.059999942779541,3.184999942779541,3140
2009-12-14,3.121000051498413,3.198499917984009,3.0899999141693115,3.130000114440918,2607
2009-12-21,3.2709999084472656,3.281500101089477,3.095999956130981,3.140500068664551,1119
2009-12-28,3.327500104904175,3.3515000343322754,3.282999992370605,3.316499948501587,1581
2010-01-04,3.388000011444092,3.5234999656677246,3.352999925613404,3.388000011444092,1392
2010-01-11,3.3550000190734863,3.476999998092652,3.309999942779541,3.428499937057495,936
2010-01-18,3.338500022888184,3.437999963760376,3.2850000858306885,3.390000104904175,1761
2010-01-25,3.0460000038146973,3.384000062942505,3.0360000133514404,3.384000062942505,1386
2010-02-01,2.8540000915527344,3.116499900817871,2.8540000915527344,3.0785000324249268,1061
2010-02-08,3.0789999961853027,3.1364998817443848,2.871999979019165,2.9094998836517334,915
2010-02-15,3.3570001125335693,3.302000045776367,3.057499885559082,3.2184998989105225,1030
2010-02-22,3.2685000896453857,3.336999893188477,3.150500059127808,3.325000047683716,46640
2010-03-01,3.4024999141693115,3.4665000438690186,3.2774999141693115,3.358999967575073,6110
2010-03-08,3.369499921798706,3.44950008392334,3.32699990272522,3.4175000190734863,2099
2010-03-15,3.364500045776367,3.421499967575073,3.2850000858306885,3.3499999046325684,1724
2010-03-22,3.3929998874664307,3.4100000858306885,3.303499937057495,3.372499942779541,1239
2010-03-29,3.57699990272522,3.58899998664856,3.4590001106262207,3.4590001106262207,1799
2010-04-05,3.5845000743865967,3.629499912261963,3.5380001068115234,3.608500003814697,735
2010-04-12,3.5114998817443848,3.612499952316284,3.490499973297119,3.559499979019165,1077
2010-04-19,3.5114998817443848,3.539999961853028,3.4670000076293945,3.494499921798706,1396
2010-04-26,3.337500095367432,3.5269999504089355,3.315999984741211,3.5269999504089355,51304
2010-05-03,3.13100004196167,3.322499990463257,2.995500087738037,3.322000026702881,3752
2010-05-10,3.122999906539917,3.245500087738037,3.1059999465942383,3.177000045776367,1858
2010-05-17,3.051500082015991,3.1005001068115234,2.900000095367432,2.9230000972747803,2386
2010-05-24,3.0969998836517334,3.1635000705718994,3.006500005722046,3.1364998817443848,3175
2010-05-31,2.8125,3.1040000915527344,2.789999961853028,3.0999999046325684,1355
2010-06-07,2.899499893188477,2.930000066757202,2.7249999046325684,2.759000062942505,1403
2010-06-14,2.88100004196167,3.0225000381469727,2.8575000762939453,2.990000009536743,1262
2010-06-21,3.0929999351501465,3.0929999351501465,2.927999973297119,2.938999891281128,1306
2010-06-28,2.9040000438690186,3.0785000324249268,2.844500064849853,3.06850004196167,33895
2010-07-05,3.0445001125335693,3.058500051498413,2.9040000438690186,2.950000047683716,1819
2010-07-12,2.923500061035156,3.039499998092652,2.922499895095825,3.039499998092652,2555
2010-07-19,3.184999942779541,3.20199990272522,2.9260001182556152,2.926500082015991,1890
2010-07-26,3.306999921798706,3.309999942779541,3.1700000762939453,3.2249999046325684,2154
2010-08-02,3.3394999504089355,3.4045000076293945,3.319499969482422,3.319999933242798,1402
2010-08-09,3.251499891281128,3.378000020980835,3.24399995803833,3.3505001068115234,1110
2010-08-16,3.29099988937378,3.377500057220459,3.26200008392334,3.2769999504089355,1070
2010-08-23,3.364000082015991,3.364000082015991,3.180000066757202,3.290499925613404,35268
2010-08-30,3.493499994277954,3.525000095367432,3.344000101089477,3.400000095367432,20957
2010-09-06,3.3970000743865967,3.5174999237060547,3.38949990272522,3.4800000190734863,2759
2010-09-13,3.513499975204468,3.5390000343322754,3.421499967575073,3.4714999198913574,2295
2010-09-20,3.6135001182556152,3.625999927520752,3.477499961853028,3.496000051498413,1732
2010-09-27,3.683500051498413,3.6989998817443848,3.569999933242798,3.608999967575073,1941
2010-10-04,3.766499996185303,3.7809998989105225,3.6449999809265137,3.674999952316284,1078
2010-10-11,3.8345000743865967,3.848999977111816,3.725500106811523,3.7739999294281006,883
2010-10-18,3.7915000915527344,3.850500106811523,3.722500085830689,3.797499895095825,966
2010-10-25,3.732000112533569,3.869999885559082,3.713000059127808,3.819999933242798,2129
2010-11-01,3.944000005722046,3.974999904632568,3.7695000171661377,3.7695000171661377,1344
2010-11-08,3.888499975204468,4.039500236511231,3.8864998817443848,3.941999912261963,1122
2010-11-15,3.8329999446868896,3.92300009727478,3.6684999465942383,3.9070000648498535,1213
2010-11-22,3.750999927520752,3.848000049591065,3.68149995803833,3.848000049591065,25163
2010-11-29,3.994999885559082,4.010000228881836,3.700999975204468,3.750999927520752,24111
2010-12-06,4.105000019073486,4.139500141143799,3.9769999980926514,4.010000228881836,3696
2010-12-13,4.152999877929688,4.21750020980835,4.074999809265137,4.106500148773193,2924
2010-12-20,4.251999855041504,4.2804999351501465,4.183000087738037,4.184000015258789,1818
2010-12-27,4.439499855041504,4.440000057220459,4.21999979019165,4.21999979019165,1736
2011-01-03,4.272500038146973,4.46150016784668,4.25,4.436999797821045,2145
2011-01-10,4.403500080108643,4.424499988555908,4.252500057220459,4.258999824523926,917
2011-01-17,4.300000190734863,4.448500156402588,4.230000019073486,4.408999919891357,675
2011-01-24,4.365499973297119,4.396999835968018,4.212500095367432,4.324999809265137,1578
2011-01-31,4.571000099182129,4.597499847412109,4.340000152587891,4.340000152587891,2253
2011-02-07,4.531000137329102,4.618500232696533,4.480000019073486,4.618500232696533,953
2011-02-14,4.478499889373779,4.625500202178955,4.441500186920166,4.59499979019165,952
2011-02-21,4.435999870300293,4.478499889373779,4.270500183105469,4.478499889373779,81151
2011-02-28,4.4720001220703125,4.5355000495910645,4.4079999923706055,4.445000171661377,9276
2011-03-07,4.195000171661377,4.484499931335449,4.078999996185303,4.46999979019165,4234
2011-03-14,4.329500198364258,4.355500221252441,4.070000171661377,4.198500156402588,1826
2011-03-21,4.4085001945495605,4.429999828338623,4.26800012588501,4.35099983215332,1075
2011-03-28,4.251500129699707,4.420499801635742,4.209499835968018,4.420000076293945,3136
2011-04-04,4.494999885559082,4.494999885559082,4.210000038146973,4.289500236511231,1093
2011-04-11,4.252999782562256,4.514999866485596,4.230000019073486,4.514999866485596,940
2011-04-18,4.3979997634887695,4.392000198364258,4.174499988555908,4.233500003814697,621
2011-04-25,4.165500164031982,4.329999923706055,3.934999942779541,4.287000179290772,52569
2011-05-02,3.963500022888184,4.250500202178955,3.93149995803833,4.177499771118164,4566
2011-05-09,3.974999904632568,4.059999942779541,3.845999956130981,4.019999980926514,2086
2011-05-16,4.11899995803833,4.122000217437744,3.950000047683716,3.993499994277954,1688
2011-05-23,4.179500102996826,4.183499813079834,3.953500032424927,4.013500213623047,2242
2011-05-30,4.130000114440918,4.199999809265137,4.043499946594238,4.149499893188477,1176
2011-06-06,4.052000045776367,4.150000095367432,4.025000095367432,4.130000114440918,835
2011-06-13,4.103000164031982,4.1605000495910645,4.022500038146973,4.0295000076293945,845
2011-06-20,4.098499774932861,4.132500171661377,4.019999980926514,4.067999839782715,987
2011-06-27,4.291999816894531,4.302499771118164,4.047999858856201,4.072000026702881,45041
2011-07-04,4.402500152587891,4.441999912261963,4.2804999351501465,4.302999973297119,3669
2011-07-11,4.40500020980835,4.426499843597412,4.310999870300293,4.395500183105469,2646
2011-07-18,4.4045000076293945,4.486999988555908,4.367000102996826,4.40500020980835,2264
2011-07-25,4.473999977111816,4.48199987411499,4.369999885559082,4.380000114440918,2244
2011-08-01,4.11299991607666,4.499000072479248,4.082499980926514,4.499000072479248,1918
2011-08-08,4.009500026702881,4.08050012588501,3.874500036239624,4.065499782562256,600
2011-08-15,3.982500076293945,4.051499843597412,3.939500093460083,4.050000190734863,566
2011-08-22,4.098999977111816,4.098999977111816,3.93149995803833,3.992500066757202,666
2011-08-29,4.10699987411499,4.20550012588501,4.072500228881836,4.093500137329102,42991
2011-09-05,3.987499952316284,4.131999969482422,3.9800000190734863,4.079999923706055,2433
2011-09-12,3.920000076293945,4.006499767303467,3.878499984741211,3.9655001163482666,2794
2011-09-19,3.2720000743865967,3.861000061035156,3.250999927520752,3.861000061035156,1426
2011-09-26,3.1449999809265137,3.44950008392334,3.10349988937378,3.240999937057495,2971
2011-10-03,3.2664999961853027,3.318000078201294,3.000999927520752,3.072499990463257,1155
2011-10-10,3.4049999713897705,3.423500061035156,3.233999967575073,3.366499900817871,1103
2011-10-17,3.219000101089477,3.4539999961853027,3.0420000553131104,3.4539999961853027,699
2011-10-24,3.70199990272522,3.711999893188477,3.3570001125335693,3.3570001125335693,2183
2011-10-31,3.562999963760376,3.690999984741211,3.4674999713897705,3.690000057220459,1179
2011-11-07,3.461999893188477,3.577500104904175,3.3494999408721924,3.562999963760376,744
2011-11-14,3.4019999504089355,3.5169999599456787,3.3605000972747803,3.5169999599456787,752
2011-11-21,3.2679998874664307,3.36899995803833,3.252500057220459,3.36899995803833,822
2011-11-28,3.572499990463257,3.619999885559082,3.2960000038146973,3.367500066757202,68610
2011-12-05,3.546999931335449,3.619499921798706,3.4719998836517334,3.5999999046325684,3244
2011-12-12,3.3239998817443848,3.504499912261963,3.25,3.504499912261963,2122
2011-12-19,3.463500022888184,3.463500022888184,3.2790000438690186,3.2844998836517334,1398
2011-12-26,3.43149995803833,3.437999963760376,3.3299999237060547,3.430000066757202,1017
2012-01-02,3.430999994277954,3.5309998989105225,3.3935000896453857,3.4609999656677246,685
2012-01-09,3.631999969482422,3.6470000743865967,3.3959999084472656,3.400500059127808,855
2012-01-16,3.740999937057495,3.810499906539917,3.629499912261963,3.629499912261963,711
2012-01-23,3.883500099182129,3.8975000381469727,3.7290000915527344,3.7290000915527344,1133
2012-01-30,3.8970000743865967,3.8970000743865967,3.7699999809265137,3.8334999084472656,2043
2012-02-06,3.859499931335449,3.9790000915527344,3.802000045776367,3.878000020980835,1033
2012-02-13,3.704999923706055,3.884000062942505,3.70199990272522,3.880500078201294,882
2012-02-20,3.862499952316284,3.880000114440918,3.751499891281128,3.751499891281128,1392
2012-02-27,3.8954999446868896,3.952500104904175,3.799999952316284,3.880000114440918,77887
2012-03-05,3.8524999618530273,3.9140000343322754,3.7095000743865967,3.901999950408936,3629
2012-03-12,3.874000072479248,3.928999900817871,3.817500114440918,3.8545000553131104,2503
2012-03-19,3.809499979019165,3.9144999980926514,3.759999990463257,3.868000030517578,2782
2012-03-26,3.8239998817443848,3.8984999656677246,3.76449990272522,3.82450008392334,3086
2012-04-02,3.7915000915527344,3.950000047683716,3.7799999713897705,3.872999906539917,1074
2012-04-09,3.622999906539917,3.7820000648498535,3.614000082015991,3.7809998989105225,2080
2012-04-16,3.696000099182129,3.7070000171661377,3.588500022888184,3.588500022888184,1201
2012-04-23,3.819999933242798,3.8364999294281006,3.607000112533569,3.683500051498413,80263
2012-04-30,3.723999977111816,3.858999967575073,3.705499887466431,3.8310000896453857,9144
2012-05-07,3.6484999656677246,3.7785000801086426,3.616499900817871,3.714499950408936,2464
2012-05-14,3.469500064849853,3.6565001010894775,3.444999933242798,3.6565001010894775,2085
2012-05-21,3.447999954223633,3.533499956130981,3.3919999599456787,3.451499938964844,2186
2012-05-28,3.309999942779541,3.494499921798706,3.301500082015991,3.4744999408721924,4455
2012-06-04,3.283499956130981,3.4260001182556152,3.245500087738037,3.314500093460083,1617
2012-06-11,3.384999990463257,3.4100000858306885,3.314500093460083,3.374000072479248,1288
2012-06-18,3.305000066757202,3.432499885559082,3.2855000495910645,3.3984999656677246,1129
2012-06-25,3.490000009536743,3.506500005722046,3.2960000038146973,3.307499885559082,68526
2012-07-02,3.4045000076293945,3.549999952316284,3.4019999504089355,3.487499952316284,4684
2012-07-09,3.500499963760376,3.500499963760376,3.380500078201294,3.4030001163482666,2897
2012-07-16,3.448499917984009,3.5390000343322754,3.4230000972747803,3.486000061035156,2119
2012-07-23,3.4260001182556152,3.427000045776367,3.3475000858306885,3.390000104904175,2918
2012-07-30,3.371000051498413,3.438999891281128,3.2925000190734863,3.423500061035156,2134
2012-08-06,3.4089999198913574,3.451499938964844,3.351999998092652,3.3559999465942383,1400
2012-08-13,3.421999931335449,3.426500082015991,3.3410000801086426,3.379499912261963,760
2012-08-20,3.48799991607666,3.504499912261963,3.359999895095825,3.359999895095825,742
2012-08-27,3.4539999961853027,3.4885001182556152,3.4045000076293945,3.4820001125335693,63443
2012-09-03,3.6559998989105225,3.658499956130981,3.429500102996826,3.443000078201294,5106
2012-09-10,3.8515000343322754,3.8519999980926514,3.649499893188477,3.6559998989105225,2439
2012-09-17,3.803499937057495,3.84850001335144,3.757499933242798,3.828999996185303,2686
2012-09-24,3.7730000019073486,3.7920000553131104,3.7109999656677246,3.763499975204468,2687
2012-10-01,3.78600001335144,3.825999975204468,3.753000020980835,3.753000020980835,1160
2012-10-08,3.714499950408936,3.786499977111816,3.701499938964844,3.760999917984009,984
2012-10-15,3.6484999656677246,3.756500005722046,3.640000104904175,3.690000057220459,1058
2012-10-22,3.563499927520752,3.640000104904175,3.54099988937378,3.640000104904175,849
2012-10-29,3.4830000400543213,3.570499897003174,3.4830000400543213,3.5290000438690186,1737
2012-11-05,3.44950008392334,3.525000095367432,3.407500028610229,3.500999927520752,1268
2012-11-12,3.4535000324249268,3.500999927520752,3.440000057220459,3.4600000381469727,954
2012-11-19,3.5274999141693115,3.5344998836517334,3.489000082015991,3.5,982
2012-11-26,3.629499912261963,3.629499912261963,3.509999990463257,3.5339999198913574,66636
2012-12-03,3.6475000381469727,3.671499967575073,3.617500066757202,3.625999927520752,3453
2012-12-10,3.6649999618530273,3.702500104904175,3.6435000896453857,3.6435000896453857,2257
2012-12-17,3.555500030517578,3.6654999256134033,3.5174999237060547,3.6575000286102295,2137
2012-12-24,3.577500104904175,3.601999998092652,3.5339999198913574,3.559000015258789,1690
2012-12-31,3.678499937057495,3.744999885559082,3.572000026702881,3.572000026702881,1885
2013-01-07,3.63949990272522,3.700000047683716,3.63949990272522,3.684999942779541,1701
2013-01-14,3.6635000705718994,3.677999973297119,3.5910000801086426,3.662499904632568,1391
2013-01-21,3.63949990272522,3.690999984741211,3.633500099182129,3.6540000438690186,1207
2013-01-28,3.775500059127808,3.775500059127808,3.633500099182129,3.637500047683716,2233
2013-02-04,3.753499984741211,3.7685000896453857,3.7174999713897705,3.766999959945679,1045
2013-02-11,3.7309999465942383,3.75,3.7100000381469727,3.733000040054321,936
2013-02-18,3.5299999713897705,3.704999923706055,3.5299999713897705,3.704999923706055,874
2013-02-25,3.4814999103546143,3.5810000896453857,3.4539999961853027,3.552999973297119,76566
2013-03-04,3.491499900817871,3.52649998664856,3.4679999351501465,3.48799991607666,3295
2013-03-11,3.507999897003174,3.549999952316284,3.4649999141693115,3.484999895095825,2253
2013-03-18,3.4539999961853027,3.494999885559082,3.380500078201294,3.494999885559082,1685
2013-03-25,3.3949999809265137,3.470999956130981,3.3935000896453857,3.470499992370605,2446
2013-04-01,3.3399999141693115,3.380000114440918,3.30049991607666,3.380000114440918,1877
2013-04-08,3.3489999771118164,3.445499897003174,3.3324999809265137,3.372499942779541,1084
2013-04-15,3.15149998664856,3.3464999198913574,3.1480000019073486,3.345000028610229,1562
2013-04-22,3.184999942779541,3.253000020980835,3.06850004196167,3.138499975204468,62618
2013-04-29,3.313499927520752,3.315000057220459,3.0510001182556152,3.176500082015991,14831
2013-05-06,3.3559999465942383,3.390000104904175,3.265000104904175,3.2960000038146973,2149
2013-05-13,3.321000099182129,3.375499963760376,3.2355000972747803,3.3499999046325684,2294
2013-05-20,3.2915000915527344,3.4049999713897705,3.2660000324249268,3.289999961853028,1703
2013-05-27,3.2890000343322754,3.3310000896453857,3.257999897003174,3.299999952316284,3924
2013-06-03,3.2660000324249268,3.390000104904175,3.255000114440918,3.299000024795532,1664
2013-06-10,3.2044999599456787,3.244499921798706,3.1700000762939453,3.219000101089477,1843
2013-06-17,3.0964999198913574,3.233999967575073,3.0445001125335693,3.233999967575073,958
2013-06-24,3.05049991607666,3.0850000381469727,3.006500005722046,3.0174999237060547,92525
2013-07-01,3.0799999237060547,3.176500082015991,3.032000064849853,3.032000064849853,4030
2013-07-08,3.1705000400543213,3.2074999809265137,3.039499998092652,3.088500022888184,2446
2013-07-15,3.150000095367432,3.201499938964844,3.125,3.1684999465942383,1705
2013-07-22,3.108999967575073,3.2295000553131104,3.1064999103546143,3.193000078201294,1797
2013-07-29,3.1695001125335693,3.196500062942505,3.0369999408721924,3.115000009536743,2192
2013-08-05,3.308500051498413,3.311000108718872,3.138999938964844,3.1484999656677246,1765
2013-08-12,3.364500045776367,3.378000020980835,3.2950000762939453,3.3294999599456787,955
2013-08-19,3.351999998092652,3.364500045776367,3.2950000762939453,3.3429999351501465,834
2013-08-26,3.2249999046325684,3.374000072479248,3.2074999809265137,3.374000072479248,61826
2013-09-02,3.257999897003174,3.319000005722046,3.219000101089477,3.25,2431
2013-09-09,3.2070000171661377,3.2960000038146973,3.194999933242798,3.257999897003174,2810
2013-09-16,3.327500104904175,3.352999925613404,3.2149999141693115,3.2699999809265137,1895
2013-09-23,3.325500011444092,3.325500011444092,3.247499942779541,3.282500028610229,2836
2013-09-30,3.2934999465942383,3.3355000019073486,3.255000114440918,3.2929999828338623,1777
2013-10-07,3.265000104904175,3.306999921798706,3.213000059127808,3.2720000743865967,1908
2013-10-14,3.2929999828338623,3.309999942779541,3.260499954223633,3.305999994277954,763
2013-10-21,3.265500068664551,3.3304998874664307,3.240000009536743,3.299000024795532,747
2013-10-28,3.2934999465942383,3.325000047683716,3.260999917984009,3.2690000534057617,1635
2013-11-04,3.253000020980835,3.2739999294281006,3.220000028610229,3.2709999084472656,1040
2013-11-11,3.1730000972747803,3.2699999809265137,3.1475000381469727,3.2699999809265137,892
2013-11-18,3.2265000343322754,3.2325000762939453,3.150500059127808,3.180000066757202,932
2013-11-25,3.2304999828338623,3.254499912261963,3.186000108718872,3.2249999046325684,67405
2013-12-02,3.2695000171661377,3.290499925613404,3.194499969482422,3.227499961853028,4258
2013-12-09,3.351999998092652,3.3570001125335693,3.259500026702881,3.260999917984009,3321
2013-12-16,3.3480000495910645,3.378499984741211,3.319999933242798,3.359999895095825,2622
2013-12-23,3.470000028610229,3.470000028610229,3.344000101089477,3.3469998836517334,1980
2013-12-30,3.4059998989105225,3.4660000801086426,3.3940000534057617,3.4200000762939453,1259
2014-01-06,3.38700008392334,3.424999952316284,3.344500064849853,3.384000062942505,1491
2014-01-13,3.378499984741211,3.4100000858306885,3.3605000972747803,3.4100000858306885,1363
2014-01-20,3.303999900817871,3.3914999961853027,3.299000024795532,3.369999885559082,1018
2014-01-27,3.220499992370605,3.308000087738037,3.2100000381469727,3.289999961853028,1633
2014-02-03,3.2709999084472656,3.2769999504089355,3.192500114440918,3.2160000801086426,1986
2014-02-10,3.320499897003174,3.3239998817443848,3.259999990463257,3.2799999713897705,1454
2014-02-17,3.3359999656677246,3.359999895095825,3.315999984741211,3.359999895095825,1006
2014-02-24,3.2385001182556152,3.358999967575073,3.2255001068115234,3.2790000438690186,44920
2014-03-03,3.156500101089477,3.2780001163482666,3.1465001106262207,3.2314999103546143,4215
2014-03-10,3.013000011444092,3.1530001163482666,2.970999956130981,3.1530001163482666,2267
2014-03-17,2.99399995803833,3.039999961853028,2.927500009536743,3.00600004196167,1541
2014-03-24,3.059000015258789,3.063499927520752,2.983999967575073,2.990000009536743,2290
2014-03-31,3.0429999828338623,3.0915000438690186,3.0355000495910645,3.048500061035156,1417
2014-04-07,3.065999984741211,3.0920000076293945,3.0,3.0174999237060547,833
2014-04-14,3.069499969482422,3.0794999599456787,2.998500108718872,3.07699990272522,949
2014-04-21,3.127000093460083,3.1445000171661377,3.057499885559082,3.059999942779541,857
2014-04-28,3.0815000534057617,3.134500026702881,3.012500047683716,3.127000093460083,40746
2014-05-05,3.1005001068115234,3.1054999828338623,3.0360000133514404,3.0785000324249268,1713
2014-05-12,3.1610000133514404,3.184999942779541,3.108999967575073,3.108999967575073,2040
2014-05-19,3.180000066757202,3.194999933242798,3.1075000762939453,3.174999952316284,2066
2014-05-26,3.135999917984009,3.200000047683716,3.134500026702881,3.186500072479248,2252
2014-06-02,3.052999973297119,3.180999994277954,3.0374999046325684,3.1554999351501465,1553
2014-06-09,3.0304999351501465,3.061000108718872,3.015500068664551,3.05649995803833,1486
2014-06-16,3.117500066757202,3.121000051498413,3.0439999103546143,3.055999994277954,1220
2014-06-23,3.1489999294281006,3.177000045776367,3.130000114440918,3.1424999237060547,43832
2014-06-30,3.265000104904175,3.2679998874664307,3.1470000743865967,3.150500059127808,3517
2014-07-07,3.258500099182129,3.2685000896453857,3.2235000133514404,3.25600004196167,1744
2014-07-14,3.174000024795532,3.274499893188477,3.1619999408721924,3.274499893188477,1672
2014-07-21,3.226999998092652,3.265000104904175,3.1679999828338623,3.1730000972747803,1214
2014-07-28,3.2065000534057617,3.244999885559082,3.200000047683716,3.2325000762939453,2178
2014-08-04,3.16599988937378,3.243000030517578,3.1549999713897705,3.2109999656677246,1971
2014-08-11,3.0969998836517334,3.190000057220459,3.0804998874664307,3.180000066757202,1377
2014-08-18,3.1989998817443848,3.2044999599456787,3.0855000019073486,3.1010000705718994,1513
2014-08-25,3.134999990463257,3.213500022888184,3.121000051498413,3.197999954223633,31549
2014-09-01,3.157999992370605,3.1600000858306885,3.109499931335449,3.1454999446868896,3261
2014-09-08,3.101999998092652,3.197499990463257,3.059000015258789,3.172499895095825,2534
2014-09-15,3.088500022888184,3.200000047683716,3.067500114440918,3.087500095367432,1203
2014-09-22,3.0290000438690186,3.066999912261963,3.0280001163482666,3.059000015258789,2098
2014-09-29,2.994499921798706,3.055500030517578,2.984999895095825,3.0169999599456787,1856
2014-10-06,3.032000064849853,3.052500009536743,2.996000051498413,3.0199999809265137,1089
2014-10-13,3.000999927520752,3.0985000133514404,2.9565000534057617,3.0385000705718994,857
2014-10-20,3.0510001182556152,3.065999984741211,2.9749999046325684,2.9809999465942383,1043
2014-10-27,3.061000108718872,3.11899995803833,3.039999961853028,3.0420000553131104,1588
2014-11-03,3.052500009536743,3.0794999599456787,3.005000114440918,3.051500082015991,1150
2014-11-10,3.058000087738037,3.058000087738037,2.992000102996826,3.0445001125335693,1251
2014-11-17,3.0350000858306885,3.077500104904175,3.001499891281128,3.0480000972747803,1477
2014-11-24,2.859999895095825,3.0364999771118164,2.8564999103546143,3.0350000858306885,68311
2014-12-01,2.92549991607666,2.944999933242798,2.799000024795532,2.8575000762939453,2693
2014-12-08,2.946500062942505,2.9539999961853027,2.890000104904175,2.9195001125335693,1826
2014-12-15,2.907999992370605,2.9600000381469727,2.8499999046325684,2.942500114440918,1367
2014-12-22,2.8355000019073486,2.9205000400543213,2.8334999084472656,2.9205000400543213,744
2014-12-29,2.838500022888184,2.874500036239624,2.8364999294281006,2.8554999828338623,1417
2015-01-05,2.790499925613404,2.8294999599456787,2.7864999771118164,2.8294999599456787,1646
2015-01-12,2.6540000438690186,2.7934999465942383,2.499500036239624,2.7934999465942383,2064
2015-01-19,2.5374999046325684,2.634500026702881,2.5339999198913574,2.623500108718872,1497
2015-01-26,2.5280001163482666,2.5794999599456787,2.430000066757202,2.503999948501587,1904
2015-02-02,2.602999925613404,2.627000093460083,2.507499933242798,2.509999990463257,1498
2015-02-09,2.6135001182556152,2.629499912261963,2.548500061035156,2.588000059127808,1421
2015-02-16,2.6105000972747803,2.6424999237060547,2.56850004196167,2.609999895095825,1108
2015-02-23,2.7160000801086426,2.7325000762939453,2.6050000190734863,2.6105000972747803,55377
2015-03-02,2.628999948501587,2.74399995803833,2.624000072479248,2.7300000190734863,4299
2015-03-09,2.678499937057495,2.694999933242798,2.615499973297119,2.620500087738037,2523
2015-03-16,2.775000095367432,2.7850000858306885,2.569999933242798,2.677000045776367,2201
2015-03-23,2.775000095367432,2.924000024795532,2.7720000743865967,2.80049991607666,2820
2015-03-30,2.747999906539917,2.7960000038146973,2.720999956130981,2.765500068664551,1928
2015-04-06,2.750499963760376,2.809999942779541,2.7095000743865967,2.809999942779541,1112
2015-04-13,2.783499956130981,2.817500114440918,2.691999912261963,2.747499942779541,2057
2015-04-20,2.752000093460083,2.7844998836517334,2.665499925613404,2.7844998836517334,1740
2015-04-27,2.93149995803833,2.940000057220459,2.754499912261963,2.759500026702881,35686
2015-05-04,2.930999994277954,2.953000068664551,2.8949999809265137,2.9130001068115234,3180
2015-05-11,2.9489998817443848,2.9609999656677246,2.907999992370605,2.938499927520752,2605
2015-05-18,2.8334999084472656,2.9549999237060547,2.815000057220459,2.9549999237060547,2681
2015-05-25,2.759500026702881,2.85349988937378,2.753999948501587,2.8289999961853027,2881
2015-06-01,2.7219998836517334,2.765000104904175,2.7070000171661377,2.763499975204468,1463
2015-06-08,2.69950008392334,2.7734999656677246,2.685499906539917,2.7265000343322754,1582
2015-06-15,2.5920000076293945,2.680000066757202,2.587500095367432,2.680000066757202,1729
2015-06-22,2.6449999809265137,2.6665000915527344,2.5829999446868896,2.5929999351501465,29438
2015-06-29,2.634500026702881,2.6600000858306885,2.594500064849853,2.637500047683716,10329
2015-07-06,2.5455000400543213,2.602499961853028,2.390000104904175,2.602499961853028,4605
2015-07-13,2.504499912261963,2.569999933242798,2.494999885559082,2.547499895095825,2467
2015-07-20,2.381500005722046,2.5114998817443848,2.362499952316284,2.490000009536743,2825
2015-07-27,2.367500066757202,2.4184999465942383,2.3420000076293945,2.383500099182129,3460
2015-08-03,2.3415000438690186,2.370500087738037,2.3299999237060547,2.3499999046325684,2688
2015-08-10,2.364000082015991,2.415499925613404,2.309999942779541,2.3480000495910645,1548
2015-08-17,2.306999921798706,2.337500095367432,2.2704999446868896,2.320499897003174,1517
2015-08-24,2.3464999198913574,2.368000030517578,2.227499961853028,2.2709999084472656,47464
2015-08-31,2.319499969482422,2.4205000400543213,2.289999961853028,2.336999893188477,5871
2015-09-07,2.461999893188477,2.4730000495910645,2.325999975204468,2.325999975204468,2840
2015-09-14,2.3970000743865967,2.5,2.385499954223633,2.442500114440918,2398
2015-09-21,2.2915000915527344,2.4130001068115234,2.2839999198913574,2.385499954223633,2342
2015-09-28,2.3294999599456787,2.380000114440918,2.240499973297119,2.289999961853028,2258
2015-10-05,2.4170000553131104,2.430500030517578,2.326499938964844,2.3545000553131104,1386
2015-10-12,2.407000064849853,2.435499906539917,2.3864998817443848,2.434999942779541,1325
2015-10-19,2.3499999046325684,2.4049999713897705,2.3350000381469727,2.3965001106262207,1350
2015-10-26,2.313499927520752,2.375499963760376,2.305000066757202,2.3499999046325684,2012
2015-11-02,2.241499900817871,2.3415000438690186,2.240000009536743,2.290499925613404,2303
2015-11-09,2.1700000762939453,2.239500045776367,2.1630001068115234,2.23799991607666,1610
2015-11-16,2.053999900817871,2.1695001125335693,2.04099988937378,2.1600000858306885,1424
2015-11-23,2.05049991607666,2.122999906539917,2.004499912261963,2.013000011444092,69149
2015-11-30,2.0739998817443848,2.0920000076293945,2.025000095367432,2.0625,7623
2015-12-07,2.1080000400543213,2.125,2.0369999408721924,2.072999954223633,2541
2015-12-14,2.102999925613404,2.1054999828338623,2.0285000801086426,2.1054999828338623,2507
2015-12-21,2.111500024795532,2.129499912261963,2.0969998836517334,2.102499961853028,1205
2015-12-28,2.125499963760376,2.140000104904175,2.066499948501587,2.0999999046325684,2359
2016-01-04,2.0164999961853027,2.0969998836517334,1.9924999475479128,2.070499897003174,2689
2016-01-11,1.9394999742507928,1.9845000505447388,1.9385000467300413,1.976500034332276,2405
2016-01-18,1.9984999895095823,2.0179998874664307,1.9364999532699585,1.9364999532699585,1036
2016-01-25,2.063999891281128,2.072999954223633,1.9845000505447388,2.009000062942505,2085
2016-02-01,2.1005001068115234,2.133500099182129,2.0269999504089355,2.0299999713897705,1826
2016-02-08,2.0269999504089355,2.0934998989105225,1.999500036239624,2.0785000324249268,1391
2016-02-15,2.075500011444092,2.0834999084472656,2.039999961853028,2.047499895095825,1267
2016-02-22,2.118000030517578,2.156500101089477,2.065000057220459,2.0969998836517334,47139
2016-02-29,2.2709999084472656,2.299999952316284,2.094000101089477,2.121500015258789,7027
2016-03-07,2.2385001182556152,2.2804999351501465,2.2044999599456787,2.2669999599456787,2476
2016-03-14,2.2795000076293945,2.314500093460083,2.2049999237060547,2.262500047683716,1664
2016-03-21,2.2244999408721924,2.2945001125335693,2.2100000381469727,2.2785000801086426,1413
2016-03-28,2.1610000133514404,2.248500108718872,2.157999992370605,2.2260000705718994,2693
2016-04-04,2.0864999294281006,2.157500028610229,2.070499897003174,2.1554999351501465,1630
2016-04-11,2.1519999504089355,2.174000024795532,2.075000047683716,2.1015000343322754,1391
2016-04-18,2.2690000534057617,2.2925000190734863,2.1410000324249268,2.1410000324249268,1374
2016-04-25,2.2790000438690186,2.2915000915527344,2.201499938964844,2.265000104904175,48152
2016-05-02,2.151000022888184,2.2850000858306885,2.140000104904175,2.2674999237060547,3989
2016-05-09,2.075000047683716,2.1470000743865967,2.059999942779541,2.1470000743865967,3740
2016-05-16,2.058500051498413,2.0989999771118164,2.0415000915527344,2.071500062942505,2071
2016-05-23,2.114000082015991,2.121500015258789,2.052500009536743,2.061000108718872,2387
2016-05-30,2.111999988555908,2.131999969482422,2.057499885559082,2.0975000858306885,2229
2016-06-06,2.031500101089477,2.140000104904175,2.0204999446868896,2.140000104904175,1636
2016-06-13,2.052500009536743,2.115499973297119,2.0390000343322754,2.065000057220459,1439
2016-06-20,2.111999988555908,2.1665000915527344,2.0789999961853027,2.0815000534057617,1321
2016-06-27,2.2149999141693115,2.234499931335449,2.115000009536743,2.124500036239624,47973
2016-07-04,2.118499994277954,2.245500087738037,2.115999937057495,2.2290000915527344,3688
2016-07-11,2.2304999828338623,2.2734999656677246,2.140500068664551,2.140500068664551,2518
2016-07-18,2.233999967575073,2.2660000324249268,2.2084999084472656,2.2165000438690186,2466
2016-07-25,2.220499992370605,2.240499973297119,2.184999942779541,2.240000009536743,1868
2016-08-01,2.1530001163482666,2.239000082015991,2.1519999504089355,2.239000082015991,1972
2016-08-08,2.140500068664551,2.194999933242798,2.138499975204468,2.1549999713897705,1212
2016-08-15,2.1665000915527344,2.1875,2.138499975204468,2.1414999961853027,1377
2016-08-22,2.075000047683716,2.1635000705718994,2.075000047683716,2.1635000705718994,1420
2016-08-29,2.071500062942505,2.0899999141693115,2.062999963760376,2.0810000896453857,32291
2016-09-05,2.088500022888184,2.1059999465942383,2.069499969482422,2.0739998817443848,2369
2016-09-12,2.15149998664856,2.1559998989105225,2.061000108718872,2.0799999237060547,3131
2016-09-19,2.192500114440918,2.196000099182129,2.13700008392334,2.13700008392334,3055
2016-09-26,2.20199990272522,2.2090001106262207,2.1605000495910645,2.180000066757202,3948
2016-10-03,2.156500101089477,2.187000036239624,2.140000104904175,2.187000036239624,1824
2016-10-10,2.10349988937378,2.19350004196167,2.095999956130981,2.171999931335449,1638
2016-10-17,2.0834999084472656,2.1085000038146973,2.0799999237060547,2.0994999408721924,1273
2016-10-24,2.188499927520752,2.19350004196167,2.087500095367432,2.08899998664856,2009
2016-10-31,2.260999917984009,2.26200008392334,2.189500093460083,2.189500093460083,1657
2016-11-07,2.506500005722046,2.7179999351501465,2.281500101089477,2.289499998092652,1466
2016-11-14,2.46399998664856,2.568000078201294,2.444999933242798,2.562999963760376,1258
2016-11-21,2.6670000553131104,2.6670000553131104,2.500999927520752,2.5185000896453857,1220
2016-11-28,2.615000009536743,2.7219998836517334,2.539999961853028,2.6635000705718994,99038
2016-12-05,2.6419999599456787,2.700999975204468,2.609999895095825,2.609999895095825,3654
2016-12-12,2.561000108718872,2.673500061035156,2.5390000343322754,2.673500061035156,3205
2016-12-19,2.4725000858306885,2.552500009536743,2.4549999237060547,2.5460000038146973,2094
2016-12-26,2.497499942779541,2.5225000381469727,2.450000047683716,2.450000047683716,1773
2017-01-02,2.5380001068115234,2.572499990463257,2.4800000190734863,2.5269999504089355,1978
2017-01-09,2.680500030517578,2.680500030517578,2.515000104904175,2.5339999198913574,1701
2017-01-16,2.617000102996826,2.674499988555908,2.5929999351501465,2.674499988555908,1687
2017-01-23,2.680000066757202,2.7084999084472656,2.635499954223633,2.638499975204468,2893
2017-01-30,2.609499931335449,2.7214999198913574,2.6070001125335693,2.680999994277954,3011
2017-02-06,2.76200008392334,2.7699999809265137,2.615000009536743,2.615000009536743,1965
2017-02-13,2.7054998874664307,2.77649998664856,2.681999921798706,2.77649998664856,2883
2017-02-20,2.680000066757202,2.75,2.6414999961853027,2.7355000972747803,51589
2017-02-27,2.687000036239624,2.755000114440918,2.6519999504089355,2.6730000972747803,18740
2017-03-06,2.5864999294281006,2.688999891281128,2.549999952316284,2.688999891281128,4929
2017-03-13,2.679500102996826,2.683000087738037,2.588500022888184,2.5899999141693115,1781
2017-03-20,2.623500108718872,2.678999900817871,2.5820000171661377,2.678999900817871,2131
2017-03-27,2.6465001106262207,2.7079999446868896,2.562000036239624,2.595999956130981,2523
2017-04-03,2.6449999809265137,2.687000036239624,2.5899999141693115,2.6414999961853027,2092
2017-04-10,2.569499969482422,2.638000011444092,2.5360000133514404,2.638000011444092,1425
2017-04-17,2.5364999771118164,2.5989999771118164,2.5204999446868896,2.5855000019073486,1443
2017-04-24,2.5964999198913574,2.6015000343322754,2.5350000858306885,2.5350000858306885,76059
2017-05-01,2.5195000171661377,2.680000066757202,2.4800000190734863,2.587500095367432,5019
2017-05-08,2.5179998874664307,2.5350000858306885,2.470000028610229,2.5350000858306885,2402
2017-05-15,2.5739998817443848,2.576499938964844,2.48799991607666,2.533499956130981,3088
2017-05-22,2.559499979019165,2.609999895095825,2.55649995803833,2.565000057220459,2961
2017-05-29,2.571500062942505,2.587500095367432,2.5309998989105225,2.5510001182556152,2243
2017-06-05,2.6459999084472656,2.6470000743865967,2.5179998874664307,2.55649995803833,1424
2017-06-12,2.5625,2.625,2.555000066757202,2.621999979019165,2047
2017-06-19,2.622999906539917,2.634500026702881,2.539999961853028,2.5894999504089355,1515
2017-06-26,2.6989998817443848,2.7060000896453857,2.617000102996826,2.621999979019165,47943
2017-07-03,2.637500047683716,2.700000047683716,2.632499933242798,2.686000108718872,3692
2017-07-10,2.684000015258789,2.687999963760376,2.623500108718872,2.6419999599456787,3185
2017-07-17,2.7149999141693115,2.734999895095825,2.695499897003174,2.695499897003174,2099
2017-07-24,2.870500087738037,2.8929998874664307,2.720499992370605,2.720499992370605,3476
2017-07-31,2.884999990463257,2.900000095367432,2.867500066757202,2.8929998874664307,2021
2017-08-07,2.9140000343322754,2.943000078201294,2.880000114440918,2.888499975204468,1768
2017-08-14,2.940500020980835,2.9679999351501465,2.879499912261963,2.901000022888184,1505
2017-08-21,3.032999992370605,3.053499937057495,2.963000059127808,2.963000059127808,1130
2017-08-28,3.0980000495910645,3.114000082015991,3.059999942779541,3.071000099182129,152807
2017-09-04,3.0215001106262207,3.157999992370605,3.0185000896453857,3.0985000133514404,5749
2017-09-11,2.927999973297119,3.061000108718872,2.9100000858306885,3.025500059127808,5446
2017-09-18,2.924499988555908,2.9665000438690186,2.875,2.9605000019073486,4155
2017-09-25,2.9375,2.970000028610229,2.890000104904175,2.927000045776367,6743
2017-10-02,3.01449990272522,3.031500101089477,2.927500009536743,2.9544999599456787,2895
2017-10-09,3.118499994277954,3.118499994277954,3.009999990463257,3.009999990463257,2515
2017-10-16,3.15149998664856,3.227499961853028,3.132499933242798,3.138000011444092,2141
2017-10-23,3.0934998989105225,3.187000036239624,3.0739998817443848,3.1449999809265137,2131
2017-10-30,3.1105000972747803,3.1470000743865967,3.0799999237060547,3.0799999237060547,2698
2017-11-06,3.069499969482422,3.1530001163482666,3.063499927520752,3.1489999294281006,1348
2017-11-13,3.0625,3.125999927520752,3.0299999713897705,3.0859999656677246,1559
2017-11-20,3.16599988937378,3.173500061035156,3.0510001182556152,3.0510001182556152,1315
2017-11-27,3.065500020980835,3.134000062942505,3.024499893188477,3.13100004196167,97061
2017-12-04,2.9549999237060547,3.0840001106262207,2.9205000400543213,3.068000078201294,4784
2017-12-11,3.109999895095825,3.114500045776367,2.940000057220459,2.950500011444092,3439
2017-12-18,3.2144999504089355,3.2184998989105225,3.0899999141693115,3.095999956130981,3852
2017-12-25,3.2795000076293945,3.2955000400543213,3.220999956130981,3.220999956130981,3221
2018-01-01,3.2070000171661377,3.2669999599456787,3.2070000171661377,3.250999927520752,1989
2018-01-08,3.200000047683716,3.2265000343322754,3.193000078201294,3.2054998874664307,2549
2018-01-15,3.1670000553131104,3.246500015258789,3.1600000858306885,3.241499900817871,2355
2018-01-22,3.182499885559082,3.2165000438690186,3.0894999504089355,3.188499927520752,1960
2018-01-29,3.176500082015991,3.2105000019073486,3.150000095367432,3.1600000858306885,2774
2018-02-05,3.024499893188477,3.240000009536743,3.0209999084472656,3.2165000438690186,2149
2018-02-12,3.243000030517578,3.249500036239624,3.0450000762939453,3.0450000762939453,2190
2018-02-19,3.2084999084472656,3.237499952316284,3.178499937057495,3.2239999771118164,1197
2018-02-26,3.1010000705718994,3.2095000743865967,3.0804998874664307,3.2035000324249268,74790
2018-03-05,3.115999937057495,3.1549999713897705,3.04099988937378,3.114500045776367,3684
2018-03-12,3.0929999351501465,3.1705000400543213,3.075999975204468,3.123500108718872,3081
2018-03-19,2.984499931335449,3.0899999141693115,2.9735000133514404,3.0899999141693115,2902
2018-03-26,3.0190000534057617,3.0360000133514404,2.946000099182129,2.950000047683716,3767
2018-04-02,3.053999900817871,3.071000099182129,2.9719998836517334,3.0450000762939453,2701
2018-04-09,3.067500114440918,3.134500026702881,3.0450000762939453,3.061000108718872,1985
2018-04-16,3.131500005722046,3.1640000343322754,3.06850004196167,3.06850004196167,1685
2018-04-23,3.0460000038146973,3.1470000743865967,3.0290000438690186,3.0850000381469727,74315
2018-04-30,3.065500020980835,3.094000101089477,2.998500108718872,3.051500082015991,6449
2018-05-07,3.095000028610229,3.1045000553131104,2.997999906539917,3.055000066757202,3125
2018-05-14,3.0510001182556152,3.0859999656677246,3.0220000743865967,3.075000047683716,3491
2018-05-21,3.066999912261963,3.132999897003174,3.0364999771118164,3.060499906539917,3165
2018-05-28,3.0915000438690186,3.0915000438690186,3.0,3.07450008392334,4853
2018-06-04,3.2929999828338623,3.296999931335449,3.0964999198913574,3.101999998092652,2148
2018-06-11,3.1410000324249268,3.281500101089477,3.130000114440918,3.281500101089477,2453
2018-06-18,3.032500028610229,3.135999917984009,3.025000095367432,3.135999917984009,1997
2018-06-25,2.950999975204468,3.0185000896453857,2.930000066757202,3.0185000896453857,72305
2018-07-02,2.812999963760376,2.9560000896453857,2.7855000495910645,2.9539999961853027,4675
2018-07-09,2.7699999809265137,2.858999967575073,2.7144999504089355,2.8494999408721924,3141
2018-07-16,2.746000051498413,2.7790000438690186,2.6695001125335693,2.7734999656677246,3834
2018-07-23,2.7874999046325684,2.8434998989105225,2.7300000190734863,2.748500108718872,4667
2018-07-30,2.753499984741211,2.822499990463257,2.700000047683716,2.7929999828338623,3663
2018-08-06,2.7325000762939453,2.7980000972747803,2.700500011444092,2.740000009536743,2289
2018-08-13,2.624500036239624,2.7335000038146973,2.556999921798706,2.713000059127808,2813
2018-08-20,2.6989998817443848,2.7084999084472656,2.6410000324249268,2.657999992370605,2966
2018-08-27,2.6489999294281006,2.742500066757202,2.6419999599456787,2.7049999237060547,74020
2018-09-03,2.60349988937378,2.6470000743865967,2.564500093460083,2.635499954223633,3908
2018-09-10,2.627500057220459,2.696000099182129,2.565999984741211,2.5980000495910645,4140
2018-09-17,2.8364999294281006,2.838000059127808,2.595000028610229,2.5980000495910645,2996
2018-09-24,2.7869999408721924,2.845999956130981,2.751499891281128,2.8350000381469727,6143
2018-10-01,2.750999927520752,2.8399999141693115,2.745500087738037,2.782999992370605,2761
2018-10-08,2.7929999828338623,2.811000108718872,2.7149999141693115,2.736000061035156,1993
2018-10-15,2.7679998874664307,2.8304998874664307,2.737499952316284,2.8010001182556152,1704
2018-10-22,2.74399995803833,2.812000036239624,2.720000028610229,2.7699999809265137,2374
2018-10-29,2.802999973297119,2.802999973297119,2.6530001163482666,2.762500047683716,4524
2018-11-05,2.686500072479248,2.7860000133514404,2.680500030517578,2.7860000133514404,2345
2018-11-12,2.803999900817871,2.803999900817871,2.677999973297119,2.677999973297119,1941
2018-11-19,2.7704999446868896,2.81850004196167,2.756500005722046,2.7799999713897705,1696
2018-11-26,2.7774999141693115,2.796499967575073,2.7105000019073486,2.763000011444092,58883
2018-12-03,2.757499933242798,2.8469998836517334,2.7049999237060547,2.799999952316284,5790
2018-12-10,2.760499954223633,2.7880001068115234,2.7155001163482666,2.736500024795532,3075
2018-12-17,2.678499937057495,2.753000020980835,2.6600000858306885,2.753000020980835,3136
2018-12-24,2.678999900817871,2.71399998664856,2.650000095367432,2.674999952316284,3508
2018-12-31,2.65149998664856,2.6730000972747803,2.549499988555908,2.6730000972747803,2926
2019-01-07,2.6695001125335693,2.678499937057495,2.637500047683716,2.6445000171661377,1701
2019-01-14,2.740999937057495,2.740999937057495,2.635499954223633,2.638000011444092,1744
2019-01-21,2.73799991607666,2.73799991607666,2.671499967575073,2.712500095367432,1507
2019-01-28,2.775000095367432,2.7980000972747803,2.6875,2.711999893188477,3366
2019-02-04,2.809999942779541,2.845499992370605,2.760499954223633,2.765500068664551,3694
2019-02-11,2.802500009536743,2.819999933242798,2.759500026702881,2.7950000762939453,2276
2019-02-18,2.9609999656677246,2.9609999656677246,2.8394999504089355,2.8424999713897705,1631
2019-02-25,2.933500051498413,2.977999925613404,2.92549991607666,2.9605000019073486,71130
2019-03-04,2.8940000534057617,2.950500011444092,2.877000093460083,2.933500051498413,4359
2019-03-11,2.9035000801086426,2.950999975204468,2.880000114440918,2.8940000534057617,2626
2019-03-18,2.8359999656677246,2.947499990463257,2.8350000381469727,2.9189999103546143,1928
2019-03-25,2.936000108718872,2.936000108718872,2.8334999084472656,2.8485000133514404,2633
2019-04-01,2.8924999237060547,2.950500011444092,2.8864998817443848,2.940000057220459,1732
2019-04-08,2.946000099182129,2.9539999961853027,2.885999917984009,2.9124999046325684,1462
2019-04-15,2.927500009536743,2.989500045776367,2.9170000553131104,2.9175000190734863,1072
2019-04-22,2.970000028610229,2.970000028610229,2.875,2.9110000133514404,49912
2019-04-29,2.825000047683716,2.9189999103546143,2.7780001163482666,2.888499975204468,27654
2019-05-06,2.7850000858306885,2.8545000553131104,2.746000051498413,2.802000045776367,3557
2019-05-13,2.747999906539917,2.7839999198913574,2.7184998989105225,2.7699999809265137,2270
2019-05-20,2.7065000534057617,2.742000102996826,2.664999961853028,2.742000102996826,1814
2019-05-27,2.6459999084472656,2.719500064849853,2.638499975204468,2.719500064849853,2162
2019-06-03,2.630500078201294,2.674999952316284,2.6064999103546143,2.634999990463257,1812
2019-06-10,2.634500026702881,2.690000057220459,2.634500026702881,2.6614999771118164,1781
2019-06-17,2.7060000896453857,2.7320001125335693,2.638000011444092,2.6429998874664307,2244
2019-06-24,2.7054998874664307,2.740999937057495,2.690999984741211,2.693000078201294,64207
2019-07-01,2.658499956130981,2.746000051498413,2.6424999237060547,2.73799991607666,4324
2019-07-08,2.691499948501587,2.7035000324249268,2.6135001182556152,2.6549999713897705,3413
2019-07-15,2.744499921798706,2.7929999828338623,2.682499885559082,2.7165000438690186,2643
2019-07-22,2.676500082015991,2.741499900817871,2.676500082015991,2.734999895095825,2272
2019-07-29,2.565000057220459,2.719500064849853,2.562999963760376,2.691999912261963,4653
2019-08-05,2.5840001106262207,2.601999998092652,2.5369999408721924,2.5415000915527344,2003
2019-08-12,2.5899999141693115,2.625,2.573499917984009,2.5799999237060547,1884
2019-08-19,2.526000022888184,2.615999937057495,2.526000022888184,2.6070001125335693,1941
2019-08-26,2.532999992370605,2.5815000534057617,2.5295000076293945,2.539999961853028,76585
2019-09-02,2.615499973297119,2.630000114440918,2.4674999713897705,2.5344998836517334,5205
2019-09-09,2.680999994277954,2.683500051498413,2.578000068664551,2.6135001182556152,3115
2019-09-16,2.5899999141693115,2.6559998989105225,2.569499969482422,2.6524999141693115,2336
2019-09-23,2.5829999446868896,2.6059999465942383,2.559999942779541,2.575999975204468,4010
2019-09-30,2.555500030517578,2.595999956130981,2.508500099182129,2.595999956130981,2617
2019-10-07,2.618499994277954,2.622499942779541,2.5460000038146973,2.562000036239624,1943
2019-10-14,2.625,2.626499891281128,2.576499938964844,2.5999999046325684,1765
2019-10-21,2.6665000915527344,2.677500009536743,2.61899995803833,2.632999897003174,1988
2019-10-28,2.651000022888184,2.686500072479248,2.625,2.672499895095825,3283
2019-11-04,2.677999973297119,2.7239999771118164,2.6610000133514404,2.6614999771118164,2392
2019-11-11,2.634999990463257,2.674999952316284,2.617500066757202,2.674999952316284,2339
2019-11-18,2.6475000381469727,2.6535000801086426,2.6135001182556152,2.63100004196167,2168
2019-11-25,2.6419999599456787,2.690500020980835,2.634500026702881,2.6475000381469727,81596
2019-12-02,2.7109999656677246,2.736500024795532,2.6050000190734863,2.6424999237060547,4490
2019-12-09,2.7804999351501465,2.819999933242798,2.713000059127808,2.7165000438690186,3553
2019-12-16,2.811000108718872,2.8315000534057617,2.796499967575073,2.796499967575073,2990
2019-12-23,2.8364999294281006,2.867000102996826,2.805000066757202,2.805000066757202,2308
2019-12-30,2.798500061035156,2.8334999084472656,2.789499998092652,2.8310000896453857,3399
2020-01-06,2.81850004196167,2.825999975204468,2.7780001163482666,2.7780001163482666,1560
2020-01-13,2.8494999408721924,2.875999927520752,2.845999956130981,2.861999988555908,1362
2020-01-20,2.685499906539917,2.813499927520752,2.678999900817871,2.809000015258789,1360
2020-01-27,2.5199999809265137,2.5964999198913574,2.509000062942505,2.5964999198913574,2911
2020-02-03,2.559000015258789,2.6040000915527344,2.508500099182129,2.5230000019073486,1907
2020-02-10,2.6054999828338623,2.619999885559082,2.5510001182556152,2.5510001182556152,1290
2020-02-17,2.618000030517578,2.630000114440918,2.594500064849853,2.629499912261963,1535
2020-02-24,2.5460000038146973,2.6050000190734863,2.513999938964844,2.6050000190734863,83149
2020-03-02,2.572999954223633,2.630000114440918,2.51449990272522,2.5360000133514404,4058
2020-03-09,2.4739999771118164,2.562999963760376,2.430000066757202,2.5420000553131104,3943
2020-03-16,2.190500020980835,2.4600000381469727,2.059499979019165,2.4549999237060547,2454
2020-03-23,2.197000026702881,2.233999967575073,2.1050000190734863,2.1135001182556152,2932
2020-03-30,2.2100000381469727,2.25,2.158499956130981,2.1624999046325684,2050
2020-04-06,2.2774999141693115,2.325000047683716,2.213000059127808,2.213000059127808,1487
2020-04-13,2.35349988937378,2.358999967575073,2.297499895095825,2.3364999294281006,1754
2020-04-20,2.3480000495910645,2.3480000495910645,2.2144999504089355,2.3480000495910645,1984
2020-04-27,2.31850004196167,2.407999992370605,2.297499895095825,2.3429999351501465,32081
2020-05-04,2.408499956130981,2.422499895095825,2.289499998092652,2.30649995803833,2872
2020-05-11,2.3334999084472656,2.427500009536743,2.3239998817443848,2.4089999198913574,1875
2020-05-18,2.4089999198913574,2.470000028610229,2.365000009536743,2.365499973297119,2230
2020-05-25,2.426500082015991,2.4565000534057617,2.375499963760376,2.4024999141693115,1687
2020-06-01,2.556999921798706,2.556999921798706,2.43149995803833,2.43149995803833,1898
2020-06-08,2.6015000343322754,2.67549991607666,2.5385000705718994,2.5450000762939453,1937
2020-06-15,2.615000009536743,2.6429998874664307,2.5510001182556152,2.566999912261963,1502
2020-06-22,2.671999931335449,2.671999931335449,2.638000011444092,2.649499893188477,34411
2020-06-29,2.7335000038146973,2.744499921798706,2.650500059127808,2.650500059127808,12769
2020-07-06,2.88700008392334,2.899499893188477,2.7174999713897705,2.7179999351501465,2781
2020-07-13,2.887500047683716,2.9814999103546143,2.8515000343322754,2.9040000438690186,3811
2020-07-20,2.881999969482422,2.9539999961853027,2.8585000038146973,2.888000011444092,2970
2020-07-27,2.858999967575073,2.9230000972747803,2.845499992370605,2.884500026702881,2841
2020-08-03,2.790499925613404,2.930000066757202,2.7890000343322754,2.85349988937378,2853
2020-08-10,2.8559999465942383,2.8910000324249268,2.7960000038146973,2.822999954223633,1792
2020-08-17,2.9135000705718994,3.0190000534057617,2.844500064849853,2.844500064849853,1950
2020-08-24,2.994999885559082,3.0169999599456787,2.9165000915527344,2.940000057220459,59589
2020-08-31,3.046499967575073,3.062000036239624,2.941499948501587,3.013499975204468,5795
2020-09-07,3.0339999198913574,3.071000099182129,2.950999975204468,3.052000045776367,2802
2020-09-14,3.1135001182556152,3.1135001182556152,3.0199999809265137,3.049000024795532,1800
2020-09-21,2.9730000495910645,3.0985000133514404,2.929500102996826,3.0985000133514404,2341
2020-09-28,2.97849988937378,3.032500028610229,2.8429999351501465,2.983999967575073,3056
2020-10-05,3.0794999599456787,3.0920000076293945,2.940500020980835,2.969000101089477,1606
2020-10-12,3.065000057220459,3.088000059127808,3.0364999771118164,3.069999933242798,1354
2020-10-19,3.125499963760376,3.195499897003174,3.0810000896453857,3.0975000858306885,1359
2020-10-26,3.0434999465942383,3.108999967575073,3.0355000495910645,3.1085000038146973,3361
2020-11-02,3.1489999294281006,3.156500101089477,3.061000108718872,3.063499927520752,2170
2020-11-09,3.17549991607666,3.184999942779541,3.1075000762939453,3.184000015258789,2118
2020-11-16,3.2934999465942383,3.2934999465942383,3.196500062942505,3.239500045776367,2073
2020-11-23,3.399499893188477,3.406500101089477,3.259500026702881,3.2785000801086426,67002
2020-11-30,3.513999938964844,3.5239999294281006,3.4049999713897705,3.4049999713897705,7717
2020-12-07,3.5239999294281006,3.608500003814697,3.447000026702881,3.49399995803833,3320
2020-12-14,3.628499984741211,3.634000062942505,3.500999927520752,3.5420000553131104,2358
2020-12-21,3.559999942779541,3.5969998836517334,3.4800000190734863,3.5969998836517334,3226
2020-12-28,3.513999938964844,3.5894999504089355,3.507499933242798,3.5804998874664307,3577
2021-01-04,3.673500061035156,3.7200000286102295,3.5455000400543213,3.559000015258789,3655
2021-01-11,3.6029999256134033,3.673500061035156,3.558500051498413,3.673500061035156,3387
2021-01-18,3.635499954223633,3.658999919891357,3.57450008392334,3.619999885559082,2689
2021-01-25,3.573499917984009,3.640500068664551,3.509000062942505,3.632999897003174,3383
2021-02-01,3.638999938964844,3.652499914169312,3.52649998664856,3.566499948501587,2071
2021-02-08,3.802000045776367,3.815500020980835,3.6459999084472656,3.6475000381469727,1733
2021-02-15,4.090000152587891,4.090000152587891,3.830499887466431,3.8424999713897705,1697
2021-02-22,4.0945000648498535,4.36299991607666,4.079999923706055,4.123000144958496,98288
2021-03-01,4.086999893188477,4.235000133514404,3.875999927520752,4.110499858856201,5218
2021-03-08,4.145500183105469,4.161499977111816,3.996999979019165,4.127500057220459,3448
2021-03-15,4.123499870300293,4.170000076293945,4.052999973297119,4.170000076293945,3279
2021-03-22,4.078499794006348,4.150000095367432,3.950000047683716,4.097499847412109,3167
2021-03-29,4.003499984741211,4.068999767303467,3.974999904632568,4.065000057220459,3412
2021-04-05,4.05049991607666,4.162000179290772,4.05049991607666,4.053999900817871,1863
2021-04-12,4.179999828338623,4.239500045776367,4.014500141143799,4.027500152587891,2389
2021-04-19,4.3429999351501465,4.3429999351501465,4.179999828338623,4.179999828338623,1584
2021-04-26,4.479000091552734,4.755000114440918,4.418000221252441,4.418000221252441,60520
2021-05-03,4.765999794006348,4.767000198364258,4.449999809265137,4.497499942779541,4376
2021-05-10,4.664000034332275,4.898499965667725,4.622000217437744,4.786499977111816,3901
2021-05-17,4.495999813079834,4.776000022888184,4.491000175476074,4.651999950408936,3695
2021-05-24,4.682499885559082,4.682499885559082,4.4720001220703125,4.4720001220703125,4456
2021-05-31,4.537499904632568,4.697000026702881,4.449999809265137,4.689000129699707,1788
2021-06-07,4.541500091552734,4.573999881744385,4.4720001220703125,4.5229997634887695,1336
2021-06-14,4.162499904632568,4.5320000648498535,4.145999908447266,4.517499923706055,1818
2021-06-21,4.298999786376953,4.330999851226807,4.128499984741211,4.129000186920166,1709
2021-06-28,4.2820000648498535,4.335999965667725,4.202000141143799,4.28849983215332,45385
2021-07-05,4.352499961853027,4.398499965667725,4.239999771118164,4.2820000648498535,2930
2021-07-12,4.332499980926514,4.35099983215332,4.265500068664551,4.3470001220703125,2584
2021-07-19,4.406499862670898,4.455999851226807,4.179999828338623,4.306000232696533,2642
2021-07-26,4.480500221252441,4.609000205993652,4.436500072479248,4.436500072479248,3109
2021-08-02,4.3454999923706055,4.500500202178955,4.329999923706055,4.493000030517578,2471
2021-08-09,4.38700008392334,4.400000095367432,4.246500015258789,4.292500019073486,2274
2021-08-16,4.134500026702881,4.361000061035156,3.9800000190734863,4.356500148773193,3107
2021-08-23,4.316500186920166,4.316500186920166,4.221499919891357,4.242000102996826,25359
2021-08-30,4.325500011444092,4.3979997634887695,4.239999771118164,4.321499824523926,11120
2021-09-06,4.447999954223633,4.461999893188477,4.208000183105469,4.3379998207092285,3224
2021-09-13,4.245500087738037,4.4670000076293945,4.232999801635742,4.414500236511231,3156
2021-09-20,4.287499904632568,4.287499904632568,4.021999835968018,4.230000019073486,2961
2021-09-27,4.19350004196167,4.304999828338623,4.067999839782715,4.304500102996826,4113
2021-10-04,4.2829999923706055,4.293499946594238,4.142000198364258,4.239999771118164,2100
2021-10-11,4.734000205993652,4.734000205993652,4.323500156402588,4.348999977111816,1738
2021-10-18,4.526000022888184,4.790999889373779,4.508500099182129,4.789500236511231,3128
2021-10-25,4.375500202178955,4.551499843597412,4.343500137329102,4.551499843597412,3106
2021-11-01,4.348999977111816,4.40500020980835,4.305500030517578,4.354499816894531,1765
2021-11-08,4.45550012588501,4.4604997634887695,4.302499771118164,4.369999885559082,1619
2021-11-15,4.4085001945495605,4.479499816894531,4.20550012588501,4.479000091552734,1831
2021-11-22,4.281499862670898,4.459499835968018,4.281499862670898,4.409999847412109,52720
2021-11-29,4.266499996185303,4.375,4.210000038146973,4.304999828338623,11156
2021-12-06,4.2829999923706055,4.394000053405762,4.256499767303467,4.295000076293945,3729
2021-12-13,4.290999889373779,4.32450008392334,4.129000186920166,4.322500228881836,3328
2021-12-20,4.38700008392334,4.4004998207092285,4.233500003814697,4.269499778747559,3161
2021-12-27,4.454999923706055,4.4679999351501465,4.374000072479248,4.375999927520752,2864
2022-01-03,4.402999877929688,4.466000080108643,4.320499897003174,4.440000057220459,2907
2022-01-10,4.411499977111816,4.580999851226807,4.324999809265137,4.388999938964844,4760
2022-01-17,4.512499809265137,4.576499938964844,4.375999927520752,4.41949987411499,5901
2022-01-24,4.302999973297119,4.507999897003174,4.29449987411499,4.485000133514404,5557
2022-01-31,4.483500003814697,4.506499767303467,4.278500080108643,4.308000087738037,3107
2022-02-07,4.505000114440918,4.690999984741211,4.425000190734863,4.4704999923706055,2413
2022-02-14,4.519499778747559,4.540500164031982,4.4710001945495605,4.4710001945495605,2470
2022-02-21,4.4720001220703125,4.520500183105469,4.448500156402588,4.519499778747559,66821
2022-02-28,4.928999900817871,4.928999900817871,4.440000057220459,4.455999851226807,7322
2022-03-07,4.616000175476074,5.010000228881836,4.546000003814697,4.909999847412109,5175
2022-03-14,4.730500221252441,4.730500221252441,4.460000038146973,4.600500106811523,3819
2022-03-21,4.685999870300293,4.800000190734863,4.649499893188477,4.699999809265137,3093
2022-03-28,4.682499885559082,4.781499862670898,4.632999897003174,4.650000095367432,3734
2022-04-04,4.71999979019165,4.808499813079834,4.684999942779541,4.707499980926514,1884
2022-04-11,4.7170000076293945,4.7170000076293945,4.623000144958496,4.682499885559082,2157
2022-04-18,4.582499980926514,4.809000015258789,4.576499938964844,4.75,3207
2022-04-25,4.394999980926514,4.485000133514404,4.36299991607666,4.480000019073486,30656
2022-05-02,4.261499881744385,4.420000076293945,4.190000057220459,4.380499839782715,4962
2022-05-09,4.180500030517578,4.250999927520752,4.056000232696533,4.230000019073486,4566
2022-05-16,4.281000137329102,4.320000171661377,4.150000095367432,4.210000038146973,3208
2022-05-23,4.303999900817871,4.348499774932861,4.255000114440918,4.304999828338623,4366
2022-05-30,4.477499961853027,4.567500114440918,4.28000020980835,4.341000080108643,1929
2022-06-06,4.301000118255615,4.458499908447266,4.293000221252441,4.417500019073486,1579
2022-06-13,4.017499923706055,4.26200008392334,4.015500068664551,4.239500045776367,3080
2022-06-20,3.759999990463257,4.065000057220459,3.700000047683716,3.964999914169312,2401
2022-06-27,3.61899995803833,3.812999963760376,3.571000099182129,3.7909998893737793,33865
2022-07-04,3.532000064849853,3.618000030517578,3.369999885559082,3.608000040054321,2960
2022-07-11,3.234499931335449,3.47849988937378,3.150000095367432,3.430000066757202,2563
2022-07-18,3.3485000133514404,3.369499921798706,3.265500068664551,3.313999891281128,2541
2022-07-25,3.5840001106262207,3.6010000705718994,3.320499897003174,3.321500062942505,3198
2022-08-01,3.552999973297119,3.5804998874664307,3.4600000381469727,3.5804998874664307,1602
2022-08-08,3.6760001182556152,3.7105000019073486,3.587500095367432,3.587500095367432,1449
2022-08-15,3.683500051498413,3.683500051498413,3.5829999446868896,3.586999893188477,1519
2022-08-22,3.7114999294281006,3.785000085830689,3.6549999713897705,3.70199990272522,2654
2022-08-29,3.421499967575073,3.6649999618530273,3.388999938964844,3.6649999618530273,33900
2022-09-05,3.5810000896453857,3.632499933242798,3.382499933242798,3.3940000534057617,2836
2022-09-12,3.561000108718872,3.697499990463257,3.470000028610229,3.554500102996826,2836
2022-09-19,3.371500015258789,3.557499885559082,3.364500045776367,3.5425000190734863,3172
2022-09-26,3.441999912261963,3.4825000762939453,3.299999952316284,3.345000028610229,2471
2022-10-03,3.4124999046325684,3.5824999809265137,3.3940000534057617,3.400000095367432,2106
2022-10-10,3.450500011444092,3.493000030517578,3.400000095367432,3.46399998664856,1466
2022-10-17,3.5230000019073486,3.5230000019073486,3.3580000400543213,3.450000047683716,1803
2022-10-24,3.4660000801086426,3.629499912261963,3.450500011444092,3.493000030517578,3033
2022-10-31,3.714499950408936,3.7314999103546143,3.4094998836517334,3.4094998836517334,1861
2022-11-07,3.950999975204468,3.950999975204468,3.6050000190734863,3.6659998893737793,1314
2022-11-14,3.631999969482422,3.871999979019165,3.631999969482422,3.848000049591065,2603
2022-11-21,3.626499891281128,3.65149998664856,3.566499948501587,3.5999999046325684,1591
2022-11-28,3.848000049591065,3.858500003814697,3.5785000324249268,3.5785000324249268,44050
2022-12-05,3.875999927520752,3.911999940872192,3.7699999809265137,3.870500087738037,3462
2022-12-12,3.7614998817443848,3.9144999980926514,3.740000009536743,3.8410000801086426,3271
2022-12-19,3.802999973297119,3.836999893188477,3.724999904632568,3.811000108718872,2725
2022-12-26,3.805500030517578,3.927999973297119,3.802000045776367,3.864000082015991,2334
2023-01-02,3.908499956130981,3.9135000705718994,3.7274999618530273,3.8324999809265137,2484
2023-01-09,4.207499980926514,4.207499980926514,3.938499927520752,3.94350004196167,3074
2023-01-16,4.248499870300293,4.314499855041504,4.140999794006348,4.140999794006348,2089
2023-01-23,4.223999977111816,4.2795000076293945,4.214499950408936,4.2795000076293945,2614
2023-01-30,4.063000202178955,4.236499786376953,4.053999900817871,4.234499931335449,3137
2023-02-06,4.027500152587891,4.113500118255615,4.00600004196167,4.06850004196167,1416
2023-02-13,4.113999843597412,4.165500164031982,4.014999866485596,4.027500152587891,2220
2023-02-20,3.954999923706055,4.236999988555908,3.954999923706055,4.179999828338623,55563
2023-02-27,4.078000068664551,4.181000232696533,3.934499979019165,3.9570000171661377,12825
2023-03-06,4.045499801635742,4.100500106811523,3.975500106811523,4.054999828338623,3401
2023-03-13,3.9135000705718994,4.079999923706055,3.839999914169312,4.0229997634887695,3730
2023-03-20,4.101500034332275,4.165500164031982,3.924000024795532,3.937000036239624,2680
2023-03-27,4.104499816894531,4.132999897003174,4.0320000648498535,4.059999942779541,2854
2023-04-03,4.026000022888184,4.096499919891357,3.9579999446868896,4.096499919891357,1044
2023-04-10,4.107500076293945,4.189499855041504,3.9779999256134033,3.9885001182556152,1878
2023-04-17,3.9800000190734863,4.107999801635742,3.9800000190734863,4.10699987411499,2248
2023-04-24,3.869999885559082,3.96399998664856,3.805000066757202,3.96399998664856,47181
2023-05-01,3.871500015258789,3.983000040054321,3.821500062942505,3.871500015258789,3718
2023-05-08,3.7165000438690186,3.940999984741211,3.677999973297119,3.88949990272522,2388
2023-05-15,3.722500085830689,3.755500078201294,3.6454999446868896,3.751499891281128,2776
2023-05-22,3.673500061035156,3.7184998989105225,3.539999961853028,3.7179999351501465,2740
2023-05-29,3.722500085830689,3.767499923706055,3.618499994277954,3.6670000553131104,2655
2023-06-05,3.7890000343322754,3.796499967575073,3.7204999923706055,3.7204999923706055,1872
2023-06-12,3.884500026702881,3.8965001106262207,3.748500108718872,3.75,1802
2023-06-19,3.805999994277954,3.950000047683716,3.795000076293945,3.859999895095825,1539
2023-06-26,3.740999937057495,3.823499917984009,3.662499904632568,3.820499897003174,28771
2023-07-03,3.766999959945679,3.7904999256134033,3.711999893188477,3.747499942779541,3096
2023-07-10,3.921999931335449,3.938999891281128,3.737499952316284,3.76449990272522,3139
2023-07-17,3.802999973297119,3.888000011444092,3.7799999713897705,3.888000011444092,2715
2023-07-24,3.9170000553131104,3.921999931335449,3.775000095367432,3.812000036239624,4417
2023-07-31,3.8450000286102295,4.002500057220459,3.803499937057495,3.921000003814697,5250
2023-08-07,3.714499950408936,3.812999963760376,3.690000057220459,3.806999921798706,3177
2023-08-14,3.6989998817443848,3.7260000705718994,3.65149998664856,3.72350001335144,2654
2023-08-21,3.759999990463257,3.806999921798706,3.701499938964844,3.7190001010894775,1741
2023-08-28,3.8125,3.861999988555908,3.75,3.766499996185303,40862
2023-09-04,3.680500030517578,3.811000108718872,3.6760001182556152,3.806999921798706,3688
2023-09-11,3.763499975204468,3.805500030517578,3.702500104904175,3.702500104904175,2916
2023-09-18,3.6654999256134033,3.746500015258789,3.609999895095825,3.744999885559082,3447
2023-09-25,3.7260000705718994,3.766499996185303,3.615999937057495,3.6635000705718994,5262
2023-10-02,3.624500036239624,3.692500114440918,3.546999931335449,3.692500114440918,2243
2023-10-09,3.5799999237060547,3.6540000438690186,3.572499990463257,3.642999887466431,1819
2023-10-16,3.5420000553131104,3.608000040054321,3.5364999771118164,3.5820000171661377,2191
2023-10-23,3.634000062942505,3.634999990463257,3.5299999713897705,3.5299999713897705,2936
2023-10-30,3.674499988555908,3.6989998817443848,3.630000114440918,3.635499954223633,2751
2023-11-06,3.5834999084472656,3.7100000381469727,3.5834999084472656,3.7074999809265137,1972
2023-11-13,3.737499952316284,3.737499952316284,3.6440000534057617,3.6440000534057617,2551
2023-11-20,3.796499967575073,3.814500093460083,3.748500108718872,3.75,2408
2023-11-27,3.908999919891357,3.910000085830689,3.755000114440918,3.7815001010894775,44580
2023-12-04,3.819999933242798,3.8965001106262207,3.713000059127808,3.8959999084472656,3627
2023-12-11,3.884999990463257,3.8989999294281006,3.755000114440918,3.783999919891357,4066
2023-12-18,3.8954999446868896,3.927000045776367,3.848000049591065,3.848000049591065,3131
2023-12-25,3.880500078201294,3.9489998817443848,3.869999885559082,3.923500061035156,3097
2024-01-01,3.794500112533569,3.901999950408936,3.7929999828338623,3.882499933242798,2076
2024-01-08,3.740000009536743,3.813499927520752,3.740000009536743,3.796999931335449,2187
2024-01-15,3.786999940872192,3.788000106811523,3.7200000286102295,3.763000011444092,1167
2024-01-22,3.850500106811523,3.884999990463257,3.76200008392334,3.76200008392334,2462
2024-01-29,3.821500062942505,3.936000108718872,3.821500062942505,3.839999914169312,3242
2024-02-05,3.686000108718872,3.805000066757202,3.686000108718872,3.805000066757202,1757
2024-02-12,3.838000059127808,3.8415000438690186,3.69950008392334,3.720999956130981,1363
2024-02-19,3.881999969482422,3.8975000381469727,3.8559999465942383,3.866499900817871,1467
2024-02-26,3.8550000190734863,3.858000040054321,3.801500082015991,3.839999914169312,34875
2024-03-04,3.884999990463257,3.931999921798706,3.837500095367432,3.8450000286102295,4988
2024-03-11,4.112500190734863,4.120500087738037,3.88700008392334,3.88700008392334,3977
2024-03-18,3.996000051498413,4.145999908447266,3.990000009536743,4.105000019073486,4627
2024-03-25,4.003499984741211,4.02400016784668,3.9690001010894775,3.999500036239624,3095
2024-04-01,4.239500045776367,4.246500015258789,4.04449987411499,4.073999881744385,3094
2024-04-08,4.257500171661377,4.340000152587891,4.18149995803833,4.18149995803833,1352
2024-04-15,4.501999855041504,4.514500141143799,4.28000020980835,4.382999897003174,1380
2024-04-22,4.568999767303467,4.624499797821045,4.420000076293945,4.478499889373779,57826
2024-04-29,4.573500156402588,4.690999984741211,4.47599983215332,4.572999954223633,17329
2024-05-06,4.69350004196167,4.752999782562256,4.5320000648498535,4.59250020980835,4456
2024-05-13,5.057000160217285,5.177499771118164,4.685999870300293,4.685999870300293,4563
2024-05-20,4.778500080108643,5.198500156402588,4.772500038146973,5.191999912261963,3693
2024-05-27,4.610000133514404,4.89900016784668,4.583499908447266,4.863500118255615,3305
2024-06-03,4.494500160217285,4.690999984741211,4.479499816894531,4.684000015258789,2291
2024-06-10,4.551000118255615,4.587500095367432,4.465499877929688,4.474999904632568,2272
2024-06-17,4.49399995803833,4.618000030517578,4.449999809265137,4.4710001945495605,2098
2024-06-24,4.390500068664551,4.526999950408936,4.304999828338623,4.480000019073486,36493
2024-07-01,4.6585001945495605,4.679999828338623,4.362500190734863,4.388500213623047,3201
2024-07-08,4.598499774932861,4.667500019073486,4.489999771118164,4.609000205993652,3538
2024-07-15,4.218999862670898,4.573500156402588,4.2179999351501465,4.570000171661377,2447
2024-07-22,4.104499816894531,4.2210001945495605,4.060500144958496,4.218999862670898,2484
2024-07-29,4.084000110626221,4.178999900817871,4.026500225067139,4.065000057220459,4468
2024-08-05,3.9800000190734863,4.099999904632568,3.9175000190734863,4.099999904632568,2182
2024-08-12,4.127500057220459,4.144000053405762,4.019499778747559,4.019999980926514,1451
2024-08-19,4.194499969482422,4.204500198364258,4.138999938964844,4.165999889373779,1464
2024-08-26,4.144999980926514,4.24399995803833,4.104499816894531,4.19950008392334,32269
2024-09-02,4.014500141143799,4.1545000076293945,3.982000112533569,4.14900016784668,3280
2024-09-09,4.175000190734863,4.184000015258789,4.0329999923706055,4.046000003814697,3161
2024-09-16,4.281499862670898,4.317999839782715,4.188499927520752,4.199999809265137,2155
2024-09-23,4.540999889373779,4.589499950408936,4.248000144958496,4.249499797821045,4114
2024-09-30,4.522500038146973,4.611000061035156,4.465000152587891,4.610000133514404,2480
2024-10-07,4.451499938964844,4.519000053405762,4.355000019073486,4.513999938964844,1937
2024-10-14,4.3460001945495605,4.39900016784668,4.284999847412109,4.349999904632568,2193
2024-10-21,4.339499950408936,4.367000102996826,4.28000020980835,4.351500034332275,2219
2024-10-28,4.347499847412109,4.35699987411499,4.302499771118164,4.333000183105469,4625
2024-11-04,4.286499977111816,4.458000183105469,4.207499980926514,4.370999813079834,2655
2024-11-11,4.051000118255615,4.306000232696533,4.048500061035156,4.306000232696533,2552
2024-11-18,4.073999881744385,4.160999774932861,4.063000202178955,4.063000202178955,2284
2024-11-25,4.08050012588501,4.103000164031982,4.036499977111816,4.103000164031982,61733
2024-12-02,4.138500213623047,4.204999923706055,4.0320000648498535,4.072500228881836,6233
2024-12-09,4.14900016784668,4.2804999351501465,4.129499912261963,4.140999794006348,4507
2024-12-16,4.040999889373779,4.170499801635742,4.019999980926514,4.132500171661377,5121
2024-12-23,4.0625,4.077499866485596,4.019999980926514,4.031499862670898,2464
2024-12-30,4.039500236511231,4.090000152587891,3.974499940872192,4.090000152587891,3043
2025-01-06,4.274499893188477,4.314000129699707,4.114999771118164,4.114999771118164,2319
2025-01-13,4.337500095367432,4.412000179290772,4.289999961853027,4.289999961853027,1469
2025-01-20,4.289999961853027,4.339000225067139,4.229499816894531,4.309999942779541,2190
2025-01-27,4.26200008392334,4.313499927520752,4.202000141143799,4.235000133514404,4760
2025-02-03,4.581500053405762,4.589000225067139,4.253499984741211,4.253499984741211,2694
2025-02-10,4.656499862670898,4.769999980926514,4.546999931335449,4.682499885559082,2160
2025-02-17,4.559999942779541,4.607999801635742,4.534999847412109,4.590000152587891,3318
2025-02-24,4.514500141143799,4.620999813079834,4.479499816894531,4.52899980545044,27767
2025-03-03,4.683000087738037,4.802499771118164,4.5,4.54449987411499,5632
2025-03-10,4.881999969482422,4.957499980926514,4.599999904632568,4.6570000648498535,38404
,HG=F,HG=F,HG=F,HG=F,HG=F
